Crater_ID,Latitude,Longitude,Elevation,Temperature,Ice_Probability,Estimated_Area_sqm,Estimated_Depth_m,Calculated_Volume_m3,Status
CRATER-ICE-001,-89.20981483181596,238.08172098103657,-1345.4880526321294,43.75572910495311,0.989,7931.8,24.8,194544.8,Confirmed Cryogenic Deposit
CRATER-ICE-002,-89.73206860072942,207.1803666488612,-859.074752283052,69.93495418654541,0.989,7931.8,24.8,194544.8,Confirmed Cryogenic Deposit
CRATER-ICE-003,-89.8677994367098,127.90427155895476,-2148.7372793494847,91.41082996373405,0.989,7931.8,24.8,194544.8,Confirmed Cryogenic Deposit
CRATER-ICE-004,-89.23724098545799,340.44247333828963,-835.4824719291241,52.26500995711629,0.988,7925.6,24.8,194196.2,Confirmed Cryogenic Deposit
CRATER-ICE-005,-89.46095788648267,73.53232845710271,-1787.7368749414877,81.43619832085852,0.988,7925.6,24.8,194196.2,Confirmed Cryogenic Deposit
CRATER-ICE-006,-88.89042620002053,3.784760834995256,-210.5340270981868,60.71938846644352,0.988,7925.6,24.8,194196.2,Confirmed Cryogenic Deposit
CRATER-ICE-007,-88.3160650723186,232.11242157243345,-1974.5028782818613,93.6516471342709,0.987,7919.4,24.8,193847.9,Confirmed Cryogenic Deposit
CRATER-ICE-008,-89.69973738294672,17.106392594559736,-773.339975508522,40.50707768159965,0.987,7919.4,24.8,193847.9,Confirmed Cryogenic Deposit
CRATER-ICE-009,-89.83055563108863,51.79541594032086,-1597.8537170861357,53.335808381668166,0.987,7919.4,24.8,193847.9,Confirmed Cryogenic Deposit
CRATER-ICE-010,-89.71500290179668,273.92093026604647,-1459.184680560462,79.04448887503303,0.986,7913.2,24.7,192719.7,Confirmed Cryogenic Deposit
CRATER-ICE-011,-89.39046870128468,122.60733747160272,864.2335189526202,76.38947738428146,0.986,7913.2,24.7,192719.7,Confirmed Cryogenic Deposit
CRATER-ICE-012,-88.01836862279207,56.70019730728938,-2094.5855514848254,57.07381455880678,0.986,7913.2,24.7,192719.7,Confirmed Cryogenic Deposit
CRATER-ICE-013,-88.25264015736735,2.648818665149233,-1845.215865965249,45.2913157914427,0.985,7907.0,24.7,192373.4,Confirmed Cryogenic Deposit
CRATER-ICE-014,-88.13119747853675,68.8471664674037,-813.973032143052,57.58616206746103,0.984,7900.8,24.7,192027.4,Confirmed Cryogenic Deposit
CRATER-ICE-015,-89.59622844960377,284.9904259859027,-403.7576795766216,78.25421866815077,0.983,7894.6,24.7,191681.7,Confirmed Cryogenic Deposit
CRATER-ICE-016,-88.59765662187839,288.4867409772895,153.85041528390047,68.01008604693384,0.983,7894.6,24.7,191681.7,Confirmed Cryogenic Deposit
CRATER-ICE-017,-89.89719973803601,148.64802825211677,-1018.9566338038924,67.69918420988024,0.983,7894.6,24.7,191681.7,Confirmed Cryogenic Deposit
CRATER-ICE-018,-88.42705437609179,20.06478954050476,-2145.25326328193,68.9898721700302,0.982,7888.4,24.7,191336.3,Confirmed Cryogenic Deposit
CRATER-ICE-019,-89.11727961943521,212.71389227073303,-926.0392966584787,88.98574402725284,0.982,7888.4,24.7,191336.3,Confirmed Cryogenic Deposit
CRATER-ICE-020,-88.6087213678033,258.8482153560964,-1680.6637112767316,46.099033778429416,0.982,7888.4,24.7,191336.3,Confirmed Cryogenic Deposit
CRATER-ICE-021,-88.63298995651925,32.47045207208797,359.1704891580953,50.22639169652469,0.982,7888.4,24.7,191336.3,Confirmed Cryogenic Deposit
CRATER-ICE-022,-88.40365673686831,299.5784833424826,-1345.3868300927247,83.46761350138651,0.982,7888.4,24.7,191336.3,Confirmed Cryogenic Deposit
CRATER-ICE-023,-88.40057464664606,225.23396865892312,-1548.0617932610528,89.51190763093336,0.982,7888.4,24.7,191336.3,Confirmed Cryogenic Deposit
CRATER-ICE-024,-88.02912749490343,191.64968455007337,-1081.161677125889,79.41695275556157,0.981,7882.2,24.6,190218.0,Confirmed Cryogenic Deposit
CRATER-ICE-025,-88.5653165559662,202.55595224498725,-1510.7839254171847,80.27124995406423,0.981,7882.2,24.6,190218.0,Confirmed Cryogenic Deposit
CRATER-ICE-026,-88.15289105315351,164.0378957591131,-3786.052346009946,46.9451738276319,0.98,7876.0,24.6,189874.6,Confirmed Cryogenic Deposit
CRATER-ICE-027,-88.6986189218722,14.520186769842711,-1079.518005724293,75.05224963169229,0.98,7876.0,24.6,189874.6,Confirmed Cryogenic Deposit
CRATER-ICE-028,-88.12257942429775,79.22385172248904,-1333.1884674252367,86.00620093390253,0.979,7869.8,24.6,189531.5,Confirmed Cryogenic Deposit
CRATER-ICE-029,-88.12457722636846,294.8786374239676,-180.74913318708047,61.10816237267639,0.979,7869.8,24.6,189531.5,Confirmed Cryogenic Deposit
CRATER-ICE-030,-89.4401144698612,92.0398403994532,-193.9095099386792,78.11982673232652,0.978,7863.6,24.6,189188.8,Confirmed Cryogenic Deposit
CRATER-ICE-031,-89.82101156780426,20.965619095299083,-1122.5960652489598,65.97769077355699,0.978,7863.6,24.6,189188.8,Confirmed Cryogenic Deposit
CRATER-ICE-032,-89.52918361728457,243.94002555585388,-263.1047482099435,60.01083193120789,0.977,7857.4,24.6,188846.3,Confirmed Cryogenic Deposit
CRATER-ICE-033,-88.99400613230706,90.86897267156166,-533.6436457399668,54.17297886586761,0.977,7857.4,24.6,188846.3,Confirmed Cryogenic Deposit
CRATER-ICE-034,-88.93872985679285,109.49589161476744,-2099.3327878095474,66.88965612597003,0.977,7857.4,24.6,188846.3,Confirmed Cryogenic Deposit
CRATER-ICE-035,-89.87267525246304,53.95060759915859,-1837.9883978750308,68.2256455082229,0.977,7857.4,24.6,188846.3,Confirmed Cryogenic Deposit
CRATER-ICE-036,-88.06245943100758,192.2530007536764,-111.19463618418104,89.09210770142911,0.977,7857.4,24.6,188846.3,Confirmed Cryogenic Deposit
CRATER-ICE-037,-89.78138047817222,88.65746427714237,-1105.9859046735228,91.7759687487366,0.977,7857.4,24.6,188846.3,Confirmed Cryogenic Deposit
CRATER-ICE-038,-88.4545084076279,300.2990789550389,111.16842207986656,80.09309849038345,0.976,7851.2,24.6,188504.2,Confirmed Cryogenic Deposit
CRATER-ICE-039,-88.85852411481676,116.752918995209,-1462.2360447019705,74.91094852977844,0.976,7851.2,24.6,188504.2,Confirmed Cryogenic Deposit
CRATER-ICE-040,-88.19031664319418,28.27304740540753,-1631.027870277911,87.50969064799204,0.975,7845.0,24.5,187397.4,Confirmed Cryogenic Deposit
CRATER-ICE-041,-89.52680348984318,241.46899216983843,-233.99744403846356,57.92157292149058,0.975,7845.0,24.5,187397.4,Confirmed Cryogenic Deposit
CRATER-ICE-042,-88.09225483124013,305.04781940737206,-1851.0509135431437,64.65925588724737,0.975,7845.0,24.5,187397.4,Confirmed Cryogenic Deposit
CRATER-ICE-043,-89.65017067219384,356.1658250551341,-1972.0364644609435,89.69294579463822,0.975,7845.0,24.5,187397.4,Confirmed Cryogenic Deposit
CRATER-ICE-044,-89.60671084097902,354.2722070279451,-2054.816603265951,41.69294574644377,0.975,7845.0,24.5,187397.4,Confirmed Cryogenic Deposit
CRATER-ICE-045,-88.05318987370008,211.23644682405285,-1777.8779236920236,86.96023060004245,0.974,7838.8,24.5,187057.3,Confirmed Cryogenic Deposit
CRATER-ICE-046,-89.4410800007668,129.43553202720125,-2014.6031211341829,40.00606274910024,0.974,7838.8,24.5,187057.3,Confirmed Cryogenic Deposit
CRATER-ICE-047,-88.0149422849907,77.24034767880082,-1708.2442956973318,70.72999977991677,0.974,7838.8,24.5,187057.3,Confirmed Cryogenic Deposit
CRATER-ICE-048,-89.49510106235235,199.4757409424974,-1004.7212451980909,88.44246597996789,0.974,7838.8,24.5,187057.3,Confirmed Cryogenic Deposit
CRATER-ICE-049,-88.5232632549895,179.15383962187855,-1535.8775966649832,80.12641032713913,0.973,7832.6,24.5,186717.4,Confirmed Cryogenic Deposit
CRATER-ICE-050,-89.72055837456374,155.4505542387998,-1625.7151121384816,78.66065489340824,0.973,7832.6,24.5,186717.4,Confirmed Cryogenic Deposit
CRATER-ICE-051,-88.42633748324188,32.736761968694815,-53.099984143242864,44.930269752998655,0.972,7826.4,24.5,186377.9,Confirmed Cryogenic Deposit
CRATER-ICE-052,-89.16520284202898,31.21436433443048,-291.0469002859662,56.7183651784053,0.971,7820.2,24.5,186038.6,Confirmed Cryogenic Deposit
CRATER-ICE-053,-89.27918917014293,74.6217081179048,-1069.2577436910951,94.88904485391106,0.971,7820.2,24.5,186038.6,Confirmed Cryogenic Deposit
CRATER-ICE-054,-88.75401099201386,340.97505696228774,-1091.6569322240343,52.311331370986906,0.97,7814.0,24.4,184941.8,Confirmed Cryogenic Deposit
CRATER-ICE-055,-89.89274214694869,64.38278466280777,-1199.8208416033697,92.9132146415201,0.969,7807.8,24.4,184604.5,Confirmed Cryogenic Deposit
CRATER-ICE-056,-89.04433314007971,113.19627809210594,-817.5697478461732,46.56609271222703,0.969,7807.8,24.4,184604.5,Confirmed Cryogenic Deposit
CRATER-ICE-057,-88.33961112112317,328.3949652413492,-561.1466615115279,56.60891248246649,0.969,7807.8,24.4,184604.5,Confirmed Cryogenic Deposit
CRATER-ICE-058,-88.63930517156444,53.83775468050003,-282.4297053958643,48.33167800366412,0.968,7801.6,24.4,184267.6,Confirmed Cryogenic Deposit
CRATER-ICE-059,-89.77155097600247,269.33824765033063,-1282.2139691900798,90.77019452360308,0.968,7801.6,24.4,184267.6,Confirmed Cryogenic Deposit
CRATER-ICE-060,-88.43701224911264,168.37942174961432,-685.0649975820073,81.83930453283153,0.968,7801.6,24.4,184267.6,Confirmed Cryogenic Deposit
CRATER-ICE-061,-89.69984357948547,212.15939218118208,-1760.999635523261,62.45573659106932,0.968,7801.6,24.4,184267.6,Confirmed Cryogenic Deposit
CRATER-ICE-062,-89.59865029994316,267.6070424052045,-1346.8322576131725,55.52490869870053,0.967,7795.4,24.4,183930.9,Confirmed Cryogenic Deposit
CRATER-ICE-063,-88.55206615719545,28.6722464525157,-1889.030481908721,60.74188049209387,0.967,7795.4,24.4,183930.9,Confirmed Cryogenic Deposit
CRATER-ICE-064,-88.86125046924776,120.39930976251746,-419.3413301691493,82.95668873836554,0.967,7795.4,24.4,183930.9,Confirmed Cryogenic Deposit
CRATER-ICE-065,-89.22015324018426,329.9915169698098,320.5192333776695,65.64413100164414,0.966,7789.2,24.4,183594.6,Confirmed Cryogenic Deposit
CRATER-ICE-066,-89.30606375267423,121.40559030090314,-99.01442349154196,40.66028233527887,0.966,7789.2,24.4,183594.6,Confirmed Cryogenic Deposit
CRATER-ICE-067,-89.8583646753275,45.59611422498981,-1698.0911199674551,86.7107207685537,0.964,7776.8,24.3,182173.1,Confirmed Cryogenic Deposit
CRATER-ICE-068,-88.52068421014654,265.87657922290686,-277.197720174765,79.02685566330459,0.964,7776.8,24.3,182173.1,Confirmed Cryogenic Deposit
CRATER-ICE-069,-89.30072689807878,103.41277015574435,-12.28651049879386,63.34730059899421,0.964,7776.8,24.3,182173.1,Confirmed Cryogenic Deposit
CRATER-ICE-070,-88.99556555419935,83.62427547472295,-1506.0670741779468,41.13446476075704,0.963,7770.6,24.3,181839.0,Confirmed Cryogenic Deposit
CRATER-ICE-071,-88.23414529015268,24.22246065174524,-1749.3859164538812,64.74028016448737,0.962,7764.4,24.3,181505.3,Confirmed Cryogenic Deposit
CRATER-ICE-072,-89.54812842105181,153.4745858366525,-405.8975176164564,85.91694197952134,0.962,7764.4,24.3,181505.3,Confirmed Cryogenic Deposit
CRATER-ICE-073,-88.78482063753808,46.91662081283814,-1566.7186905702351,64.59112741149804,0.962,7764.4,24.3,181505.3,Confirmed Cryogenic Deposit
CRATER-ICE-074,-88.5151632596871,339.8741229349312,-1548.0420801886878,82.8682850281165,0.961,7758.2,24.3,181171.8,Confirmed Cryogenic Deposit
CRATER-ICE-075,-88.97532901129307,331.4775058689871,-1024.7427499698651,71.39624594271685,0.961,7758.2,24.3,181171.8,Confirmed Cryogenic Deposit
CRATER-ICE-076,-88.39174560257473,304.60290679984024,-1657.5222798479392,79.70523421215097,0.96,7752.0,24.3,180838.7,Confirmed Cryogenic Deposit
CRATER-ICE-077,-89.42787063435252,338.670309324406,-562.8557066863117,89.14364150239726,0.959,7745.8,24.2,179763.0,Confirmed Cryogenic Deposit
CRATER-ICE-078,-89.78164558355289,32.27480324484444,-1743.9247173974652,84.18743046242997,0.958,7739.6,24.2,179431.8,Confirmed Cryogenic Deposit
CRATER-ICE-079,-88.24349729728407,48.98024439539146,-2385.785138941847,83.87846683034371,0.958,7739.6,24.2,179431.8,Confirmed Cryogenic Deposit
CRATER-ICE-080,-89.67665252971459,182.357999967077,-808.6305402685591,78.4486252024191,0.957,7733.4,24.2,179100.9,Confirmed Cryogenic Deposit
CRATER-ICE-081,-88.27409920807901,269.9012688420756,-832.6366547203766,60.93964846795114,0.957,7733.4,24.2,179100.9,Confirmed Cryogenic Deposit
CRATER-ICE-082,-89.22216867928218,118.03823784657308,-611.7845520200101,54.27116072645001,0.957,7733.4,24.2,179100.9,Confirmed Cryogenic Deposit
CRATER-ICE-083,-89.14925127553815,202.0880967081617,-1617.4133258392574,70.53616989028593,0.956,7727.2,24.2,178770.3,Confirmed Cryogenic Deposit
CRATER-ICE-084,-89.34217549589746,109.76512477862286,-1290.8737293615718,53.271590324023016,0.955,7721.0,24.2,178440.0,Confirmed Cryogenic Deposit
CRATER-ICE-085,-89.49655568971129,228.7164048149956,-766.2375944727612,89.79662781109529,0.954,7714.8,24.1,177374.1,Confirmed Cryogenic Deposit
CRATER-ICE-086,-89.26390082040771,290.16594165710484,-1138.6137124856346,54.164449763232085,0.954,7714.8,24.1,177374.1,Confirmed Cryogenic Deposit
CRATER-ICE-087,-88.32995245919464,274.22737432902574,-463.59233994745694,66.30496356542848,0.953,7708.6,24.1,177045.7,Confirmed Cryogenic Deposit
CRATER-ICE-088,-88.60302727967554,263.0444441502205,-430.2315371351217,87.05130870881725,0.953,7708.6,24.1,177045.7,Confirmed Cryogenic Deposit
CRATER-ICE-089,-89.24385029073471,113.3759618852157,-2269.5823665124435,59.190007482573016,0.953,7708.6,24.1,177045.7,Confirmed Cryogenic Deposit
CRATER-ICE-090,-88.69538916411074,184.297907045494,443.61191152380775,73.56515518891356,0.953,7708.6,24.1,177045.7,Confirmed Cryogenic Deposit
CRATER-ICE-091,-89.7267084042075,350.9655382116846,246.10464453654868,79.93915308345379,0.951,7696.2,24.1,176390.0,Confirmed Cryogenic Deposit
CRATER-ICE-092,-88.9546742809224,235.36005226421628,-2457.784435262504,45.12942088499109,0.95,7690.0,24.1,176062.6,Confirmed Cryogenic Deposit
CRATER-ICE-093,-88.55617006737923,21.757156178603054,-1142.123826144655,40.61256670596952,0.95,7690.0,24.1,176062.6,Confirmed Cryogenic Deposit
CRATER-ICE-094,-88.17248160886304,174.30641939613486,-1004.8872467036392,56.133012680991705,0.95,7690.0,24.1,176062.6,Confirmed Cryogenic Deposit
CRATER-ICE-095,-89.2817405734974,160.04646038499425,-2011.3313745015748,81.55638867047384,0.95,7690.0,24.1,176062.6,Confirmed Cryogenic Deposit
CRATER-ICE-096,-89.40008611716941,115.42316635808164,-755.3391779398981,55.48355008565295,0.949,7683.8,24.1,175735.4,Confirmed Cryogenic Deposit
CRATER-ICE-097,-89.69090134339741,174.82834742880254,-1960.552554732204,84.50892752078602,0.948,7677.6,24.0,174680.8,Confirmed Cryogenic Deposit
CRATER-ICE-098,-88.68839233089773,179.86262831955432,-1034.657897168707,69.22902909773539,0.948,7677.6,24.0,174680.8,Confirmed Cryogenic Deposit
CRATER-ICE-099,-88.8318412589774,236.5911581904224,-3627.191489716215,40.52378455876759,0.947,7671.4,24.0,174355.6,Confirmed Cryogenic Deposit
CRATER-ICE-100,-88.53193058056246,296.2812868008965,-861.1937007823701,94.3048112494434,0.947,7671.4,24.0,174355.6,Confirmed Cryogenic Deposit
CRATER-ICE-101,-89.6871260858807,208.7254237798638,-1186.900606454965,53.494913079253976,0.947,7671.4,24.0,174355.6,Confirmed Cryogenic Deposit
CRATER-ICE-102,-89.64461211381595,90.83618793494828,-864.759412197232,55.33601372658829,0.947,7671.4,24.0,174355.6,Confirmed Cryogenic Deposit
CRATER-ICE-103,-89.78213014910531,228.0727057018213,-1410.2723995699146,76.83081172669854,0.947,7671.4,24.0,174355.6,Confirmed Cryogenic Deposit
CRATER-ICE-104,-88.06493789380889,205.63665039054615,-2958.000804209624,54.13335427455294,0.947,7671.4,24.0,174355.6,Confirmed Cryogenic Deposit
CRATER-ICE-105,-89.29051787655371,75.27505125226114,-268.4706075717837,58.48711821154478,0.946,7665.2,24.0,174030.7,Confirmed Cryogenic Deposit
CRATER-ICE-106,-89.84962850997093,60.89828178327127,-302.6486860896648,61.73551843719052,0.946,7665.2,24.0,174030.7,Confirmed Cryogenic Deposit
CRATER-ICE-107,-89.80391110273398,231.75741891644807,-960.6401871288832,71.23440259225961,0.946,7665.2,24.0,174030.7,Confirmed Cryogenic Deposit
CRATER-ICE-108,-89.62858445412841,126.3512246133929,-1479.4095082783692,68.23667393717761,0.945,7659.0,24.0,173706.1,Confirmed Cryogenic Deposit
CRATER-ICE-109,-89.36616993977476,238.43444887424965,-903.7277861369234,88.02512506003478,0.944,7652.8,24.0,173381.8,Confirmed Cryogenic Deposit
CRATER-ICE-110,-88.97737957064714,91.49302084601318,-1653.4506542418717,77.21770983857567,0.944,7652.8,24.0,173381.8,Confirmed Cryogenic Deposit
CRATER-ICE-111,-89.16942847747487,347.0097643463478,-472.0299673115532,55.27554317048414,0.943,7646.6,23.9,172336.8,Confirmed Cryogenic Deposit
CRATER-ICE-112,-88.0549893341858,35.72555937108516,-1299.1138905881608,79.91337321307275,0.943,7646.6,23.9,172336.8,Confirmed Cryogenic Deposit
CRATER-ICE-113,-88.70598973243229,220.1381469789117,-1286.386948810088,41.2977092624761,0.943,7646.6,23.9,172336.8,Confirmed Cryogenic Deposit
CRATER-ICE-114,-89.25321804338292,193.3809557774504,-861.8971062459473,72.97304061820418,0.943,7646.6,23.9,172336.8,Confirmed Cryogenic Deposit
CRATER-ICE-115,-88.77287901679597,170.43657609385755,-1580.4275573882835,69.06651005277509,0.942,7640.4,23.9,172014.4,Confirmed Cryogenic Deposit
CRATER-ICE-116,-88.53931371897593,333.4294751092656,-1425.47587951768,61.04264329755525,0.942,7640.4,23.9,172014.4,Confirmed Cryogenic Deposit
CRATER-ICE-117,-89.68609725821733,328.41164199641605,-2098.3317419580567,43.34145512734111,0.942,7640.4,23.9,172014.4,Confirmed Cryogenic Deposit
CRATER-ICE-118,-88.40594447261046,161.02899225093623,-1445.796980529385,75.4252081389902,0.942,7640.4,23.9,172014.4,Confirmed Cryogenic Deposit
CRATER-ICE-119,-88.04407937582975,132.84638366802218,-75.48192199362916,76.46221003862861,0.941,7634.2,23.9,171692.4,Confirmed Cryogenic Deposit
CRATER-ICE-120,-89.14584577521697,51.40282920043849,-1951.6521338031664,66.2656129759749,0.941,7634.2,23.9,171692.4,Confirmed Cryogenic Deposit
CRATER-ICE-121,-89.13179434060184,17.693420524263736,-243.8580707908668,71.887075489528,0.94,7628.0,23.9,171370.6,Confirmed Cryogenic Deposit
CRATER-ICE-122,-89.40709547648055,79.36937315977315,-810.2254442956582,60.45612005430697,0.94,7628.0,23.9,171370.6,Confirmed Cryogenic Deposit
CRATER-ICE-123,-88.1739439334661,327.4431938569084,-938.2635576977676,61.46533751937038,0.94,7628.0,23.9,171370.6,Confirmed Cryogenic Deposit
CRATER-ICE-124,-88.34507719291888,309.286929510444,-92.10312496476467,82.45382047516196,0.94,7628.0,23.9,171370.6,Confirmed Cryogenic Deposit
CRATER-ICE-125,-88.32767799842294,61.590948068578335,-2560.912379413793,84.66248812033575,0.939,7621.8,23.9,171049.2,Confirmed Cryogenic Deposit
CRATER-ICE-126,-89.08592998268729,177.7849253069621,-1184.9675909536477,41.96397903394945,0.938,7615.6,23.9,170728.0,Confirmed Cryogenic Deposit
CRATER-ICE-127,-88.01077242489714,246.24895020914585,-360.9644482630072,92.46866427442984,0.937,7609.4,23.8,169694.2,Confirmed Cryogenic Deposit
CRATER-ICE-128,-88.08528110614577,161.85560616278545,-1592.6983159148526,79.22346911411452,0.937,7609.4,23.8,169694.2,Confirmed Cryogenic Deposit
CRATER-ICE-129,-88.39102507057355,221.5989443495445,-1340.9073581686227,80.17750923403813,0.936,7603.2,23.8,169375.0,Confirmed Cryogenic Deposit
CRATER-ICE-130,-89.38593741267282,182.99220993961004,-921.523766570124,56.65009466845698,0.936,7603.2,23.8,169375.0,Confirmed Cryogenic Deposit
CRATER-ICE-131,-88.12563746669699,181.84160006784228,-2078.54910702252,48.20038419581672,0.936,7603.2,23.8,169375.0,Confirmed Cryogenic Deposit
CRATER-ICE-132,-89.15306858340655,162.20969741380227,-1152.0297138434348,76.34761671209606,0.936,7603.2,23.8,169375.0,Confirmed Cryogenic Deposit
CRATER-ICE-133,-88.1143189651344,287.48010172701566,-750.8218961390936,90.4404322720654,0.935,7597.0,23.8,169056.0,Confirmed Cryogenic Deposit
CRATER-ICE-134,-89.3852088731989,292.0185373964876,-1028.429386025959,74.02365779393938,0.935,7597.0,23.8,169056.0,Confirmed Cryogenic Deposit
CRATER-ICE-135,-89.88693187178268,185.9567437401344,-792.090201663044,90.15049952239204,0.935,7597.0,23.8,169056.0,Confirmed Cryogenic Deposit
CRATER-ICE-136,-88.87158678921081,359.50223489917846,-2243.2025422693105,89.70580721201301,0.935,7597.0,23.8,169056.0,Confirmed Cryogenic Deposit
CRATER-ICE-137,-88.47757405516022,208.88227159169105,-577.8119622017164,70.89201273614194,0.934,7590.8,23.8,168737.4,Confirmed Cryogenic Deposit
CRATER-ICE-138,-88.01804023019872,50.202085033857664,-1270.6986300211167,80.74145907105807,0.934,7590.8,23.8,168737.4,Confirmed Cryogenic Deposit
CRATER-ICE-139,-88.10039322048954,94.54810045178652,-1635.4195463396304,92.66479379640268,0.934,7590.8,23.8,168737.4,Confirmed Cryogenic Deposit
CRATER-ICE-140,-88.05716711239619,96.79015619244238,-1947.675115918777,56.62649472672902,0.933,7584.6,23.8,168419.1,Confirmed Cryogenic Deposit
CRATER-ICE-141,-89.08965048024046,228.32751275191532,-952.5772918986444,57.16401600624823,0.933,7584.6,23.8,168419.1,Confirmed Cryogenic Deposit
CRATER-ICE-142,-88.7908317170232,210.69391518354476,-1747.996920101114,83.3060821903236,0.933,7584.6,23.8,168419.1,Confirmed Cryogenic Deposit
CRATER-ICE-143,-89.39787509999859,49.91491048078934,586.4927337057413,77.18823231323006,0.933,7584.6,23.8,168419.1,Confirmed Cryogenic Deposit
CRATER-ICE-144,-89.25907184319306,285.7809283735019,-2468.196808583886,80.13065146316706,0.933,7584.6,23.8,168419.1,Confirmed Cryogenic Deposit
CRATER-ICE-145,-89.46376349456746,136.60609701364731,-1293.1906821048278,92.36133524432653,0.932,7578.4,23.7,167394.7,Confirmed Cryogenic Deposit
CRATER-ICE-146,-88.97003975547263,273.74402422349374,-1591.324940147373,88.47650492502933,0.932,7578.4,23.7,167394.7,Confirmed Cryogenic Deposit
CRATER-ICE-147,-89.1039991986438,192.1020952713159,-528.044368206378,85.69593300074528,0.931,7572.2,23.7,167078.3,Confirmed Cryogenic Deposit
CRATER-ICE-148,-88.04684804638977,256.53650662742155,-878.241740070119,70.93812788576214,0.931,7572.2,23.7,167078.3,Confirmed Cryogenic Deposit
CRATER-ICE-149,-89.83820025896662,287.07139941899914,-1583.9745169189812,92.93907886226054,0.931,7572.2,23.7,167078.3,Confirmed Cryogenic Deposit
CRATER-ICE-150,-89.69923709990269,294.4668579656953,19.710877186204925,87.51285811971849,0.931,7572.2,23.7,167078.3,Confirmed Cryogenic Deposit
CRATER-ICE-151,-88.15565455082161,66.08866584785255,-1637.0112073419718,61.64856880695421,0.93,7566.0,23.7,166762.2,Confirmed Cryogenic Deposit
CRATER-ICE-152,-89.2242218387166,323.11163754795024,-182.48036366084523,88.86479757128126,0.93,7566.0,23.7,166762.2,Confirmed Cryogenic Deposit
CRATER-ICE-153,-89.23715029356832,243.65521570681693,-1209.5978757021792,79.29008390710308,0.93,7566.0,23.7,166762.2,Confirmed Cryogenic Deposit
CRATER-ICE-154,-88.83857944674419,208.48672945261768,-1299.7745265891888,42.03292926213082,0.93,7566.0,23.7,166762.2,Confirmed Cryogenic Deposit
CRATER-ICE-155,-88.98823632142258,304.84260067310834,-437.5924014287601,89.5075873211152,0.93,7566.0,23.7,166762.2,Confirmed Cryogenic Deposit
CRATER-ICE-156,-89.48104189947227,64.79986197984726,-3526.928595584403,63.88933359152837,0.929,7559.8,23.7,166446.4,Confirmed Cryogenic Deposit
CRATER-ICE-157,-88.63386771420141,15.784866898786763,-2170.7706881223385,91.02007449292526,0.928,7553.6,23.7,166130.9,Confirmed Cryogenic Deposit
CRATER-ICE-158,-88.04311497481615,38.51685402286439,-1765.1804006126372,57.34944563450438,0.928,7553.6,23.7,166130.9,Confirmed Cryogenic Deposit
CRATER-ICE-159,-89.08052675795207,131.43012238238427,-1200.3829744548043,55.40661081307634,0.927,7547.4,23.6,165116.0,Confirmed Cryogenic Deposit
CRATER-ICE-160,-89.31950380974976,115.40433096593964,-612.8396173086093,62.11510121760482,0.926,7541.2,23.6,164802.4,Confirmed Cryogenic Deposit
CRATER-ICE-161,-89.0764027577643,283.77907494149866,-474.532682901659,41.53503924175161,0.926,7541.2,23.6,164802.4,Confirmed Cryogenic Deposit
CRATER-ICE-162,-88.22178015729017,182.49484178779,-635.8810728494586,76.90269187386639,0.926,7541.2,23.6,164802.4,Confirmed Cryogenic Deposit
CRATER-ICE-163,-88.72186176373583,227.02870619390896,-1484.7479336695765,40.253030014923645,0.924,7528.8,23.6,164176.0,Confirmed Cryogenic Deposit
CRATER-ICE-164,-88.11577137282549,192.84802936417077,-1950.773684592868,56.18377244486536,0.922,7516.4,23.6,163550.9,Confirmed Cryogenic Deposit
CRATER-ICE-165,-88.07425172083524,30.672171921478316,-1206.6886298171655,70.88409901799434,0.922,7516.4,23.6,163550.9,Confirmed Cryogenic Deposit
CRATER-ICE-166,-88.45544933606794,357.41956740551115,-948.0225027557342,65.41532533060231,0.922,7516.4,23.6,163550.9,Confirmed Cryogenic Deposit
CRATER-ICE-167,-89.44272602196142,257.4852672537479,-822.5040416986594,67.47444687592221,0.922,7516.4,23.6,163550.9,Confirmed Cryogenic Deposit
CRATER-ICE-168,-89.14411041154591,56.983052181275305,-1987.5304369401697,45.94381124046291,0.921,7510.2,23.5,162547.0,Confirmed Cryogenic Deposit
CRATER-ICE-169,-88.4175959677823,35.901433387212464,-1637.2386369891803,51.78891916141412,0.921,7510.2,23.5,162547.0,Confirmed Cryogenic Deposit
CRATER-ICE-170,-89.74910319892093,90.7193597918658,-618.2656088863196,78.20696596634792,0.921,7510.2,23.5,162547.0,Confirmed Cryogenic Deposit
CRATER-ICE-171,-88.64236409798968,140.79320789335938,-1239.5732570586013,90.11794497919814,0.918,7491.6,23.5,161616.3,Confirmed Cryogenic Deposit
CRATER-ICE-172,-89.83550264068698,32.2103242117394,-539.2611335754775,61.241160850023455,0.918,7491.6,23.5,161616.3,Confirmed Cryogenic Deposit
CRATER-ICE-173,-88.55938686097673,103.05325273794595,-1669.355671009498,58.29769135566024,0.918,7491.6,23.5,161616.3,Confirmed Cryogenic Deposit
CRATER-ICE-174,-88.58899070744074,61.80415021555809,-1855.5094643990328,93.6948534782617,0.917,7485.4,23.5,161306.6,Confirmed Cryogenic Deposit
CRATER-ICE-175,-89.57926098900933,40.71807234061914,-1413.6030094136254,56.761899067468505,0.917,7485.4,23.5,161306.6,Confirmed Cryogenic Deposit
CRATER-ICE-176,-89.6394178725098,32.77307338035902,-1884.422150352499,42.96731227507562,0.916,7479.2,23.4,160312.2,Confirmed Cryogenic Deposit
CRATER-ICE-177,-88.66281958872482,262.7600823732952,-1088.142913185431,69.31954633711413,0.915,7473.0,23.4,160004.4,Confirmed Cryogenic Deposit
CRATER-ICE-178,-89.6684164226598,90.12914264550795,-2335.901731416743,46.38101812035268,0.915,7473.0,23.4,160004.4,Confirmed Cryogenic Deposit
CRATER-ICE-179,-89.60759777795428,339.7558975963252,-281.52730688205384,63.6932007690822,0.915,7473.0,23.4,160004.4,Confirmed Cryogenic Deposit
CRATER-ICE-180,-89.62387928440104,315.4730291695832,-981.3510003318686,61.71552634105946,0.914,7466.8,23.4,159696.9,Confirmed Cryogenic Deposit
CRATER-ICE-181,-88.80316984445706,26.12692729609588,-1576.2045730130858,54.151091217067446,0.914,7466.8,23.4,159696.9,Confirmed Cryogenic Deposit
CRATER-ICE-182,-88.43748141657153,293.6955063691063,-1711.252266265613,68.3034020629504,0.914,7466.8,23.4,159696.9,Confirmed Cryogenic Deposit
CRATER-ICE-183,-89.8317096797862,255.4816836616288,-2261.009729559326,43.39986316144497,0.914,7466.8,23.4,159696.9,Confirmed Cryogenic Deposit
CRATER-ICE-184,-88.60705132605804,131.95842745652143,-616.6104405513976,74.96659839021355,0.914,7466.8,23.4,159696.9,Confirmed Cryogenic Deposit
CRATER-ICE-185,-89.06998366503116,56.65377000596775,-995.2182828649832,56.44055376062423,0.913,7460.6,23.4,159389.8,Confirmed Cryogenic Deposit
CRATER-ICE-186,-88.81296636892782,355.9952563695156,-1391.5640750124671,78.22384272329316,0.912,7454.4,23.4,159082.9,Confirmed Cryogenic Deposit
CRATER-ICE-187,-89.23268316403733,147.32984656274303,-2456.3800362943766,45.78136230644134,0.912,7454.4,23.4,159082.9,Confirmed Cryogenic Deposit
CRATER-ICE-188,-88.36821756839319,198.20542843489116,-1707.4197734538511,64.88585277278884,0.911,7448.2,23.4,158776.3,Confirmed Cryogenic Deposit
CRATER-ICE-189,-89.85170365918623,151.8165423093299,122.33044098433744,78.13493401856192,0.911,7448.2,23.4,158776.3,Confirmed Cryogenic Deposit
CRATER-ICE-190,-88.73752106180387,294.15676788094135,-545.6063205941306,88.68559805753347,0.911,7448.2,23.4,158776.3,Confirmed Cryogenic Deposit
CRATER-ICE-191,-89.28979190999169,77.34765831299931,-1296.860345912443,45.86775113246189,0.91,7442.0,23.3,157792.7,Confirmed Cryogenic Deposit
CRATER-ICE-192,-89.60118090445854,75.42692075251156,-2408.436840295597,76.18860163958665,0.909,7435.8,23.3,157488.0,Confirmed Cryogenic Deposit
CRATER-ICE-193,-88.13224300167828,250.7425860516801,-591.0607687586892,60.18509581719861,0.909,7435.8,23.3,157488.0,Confirmed Cryogenic Deposit
CRATER-ICE-194,-89.77428614121457,80.26200308079129,-1446.0619116509952,87.92457538979488,0.909,7435.8,23.3,157488.0,Confirmed Cryogenic Deposit
CRATER-ICE-195,-89.02764206314731,14.381270382993964,-1457.4021631921669,52.46796246676824,0.908,7429.6,23.3,157183.6,Confirmed Cryogenic Deposit
CRATER-ICE-196,-88.9142978186876,217.15670235582155,-2442.4282222718566,63.52347331062953,0.908,7429.6,23.3,157183.6,Confirmed Cryogenic Deposit
CRATER-ICE-197,-88.85050433814726,304.67448460111456,-789.1829045962118,73.75894274731445,0.908,7429.6,23.3,157183.6,Confirmed Cryogenic Deposit
CRATER-ICE-198,-88.84840362520129,221.10614063443413,-1746.348085052149,60.031937461155394,0.908,7429.6,23.3,157183.6,Confirmed Cryogenic Deposit
CRATER-ICE-199,-89.66145459195096,232.09919185745437,-1884.5940639612056,51.76869846014856,0.908,7429.6,23.3,157183.6,Confirmed Cryogenic Deposit
CRATER-ICE-200,-88.62957788214358,76.2171739732695,-696.2083884730096,43.58822497965158,0.907,7423.4,23.3,156879.5,Confirmed Cryogenic Deposit
CRATER-ICE-201,-88.41730554428693,192.78788979094688,395.298992587552,94.69626677391926,0.905,7411.0,23.2,155601.4,Confirmed Cryogenic Deposit
CRATER-ICE-202,-88.29274926461231,212.7297934178017,-1269.61217865451,71.09691668308304,0.904,7404.8,23.2,155299.4,Confirmed Cryogenic Deposit
CRATER-ICE-203,-89.30104507416604,243.41104389652455,-1246.2929273714728,51.774810772368674,0.904,7404.8,23.2,155299.4,Confirmed Cryogenic Deposit
CRATER-ICE-204,-89.43097164756811,130.7277324934064,-2488.017338327197,41.29471563537744,0.9,7380.0,23.2,154094.4,Confirmed Cryogenic Deposit
CRATER-ICE-205,-89.61225350832282,288.5100519271058,-1060.861190419878,72.93674649683643,0.9,7380.0,23.2,154094.4,Confirmed Cryogenic Deposit
CRATER-ICE-206,-89.5236144977565,240.0151879427244,-1764.4303578227689,60.48662178772598,0.9,7380.0,23.2,154094.4,Confirmed Cryogenic Deposit
CRATER-ICE-207,-89.83032428882628,73.26399899947913,-772.5222292369725,60.77950052378385,0.9,7380.0,23.2,154094.4,Confirmed Cryogenic Deposit
CRATER-ICE-208,-88.11679341140105,141.7389010750935,-1640.427174560561,68.47441664663867,0.899,7373.8,23.1,153131.0,Confirmed Cryogenic Deposit
CRATER-ICE-209,-88.03037498990012,69.6410020842975,316.4058767930842,43.98053386596275,0.899,7373.8,23.1,153131.0,Confirmed Cryogenic Deposit
CRATER-ICE-210,-89.270430784401,248.38716856549047,-407.951015426912,80.28319767611353,0.899,7373.8,23.1,153131.0,Confirmed Cryogenic Deposit
CRATER-ICE-211,-88.02343078480637,294.41594648382863,-1856.2627689059736,79.59668043911032,0.898,7367.6,23.1,152832.0,Confirmed Cryogenic Deposit
CRATER-ICE-212,-88.69332206335147,5.1107884098205325,-1184.003611034865,74.55155424414363,0.898,7367.6,23.1,152832.0,Confirmed Cryogenic Deposit
CRATER-ICE-213,-88.79470036989974,121.0195218886488,-1463.838605636672,62.93271331806258,0.897,7361.4,23.1,152533.4,Confirmed Cryogenic Deposit
CRATER-ICE-214,-88.23082043352744,233.10712640525875,-1671.9323169999466,85.13534010140592,0.897,7361.4,23.1,152533.4,Confirmed Cryogenic Deposit
CRATER-ICE-215,-89.04682634093277,291.8629674829486,-1740.843493239044,50.71488182944766,0.897,7361.4,23.1,152533.4,Confirmed Cryogenic Deposit
CRATER-ICE-216,-88.11495201102804,66.87970369153481,-1416.297119308633,45.13742249681188,0.896,7355.2,23.1,152235.0,Confirmed Cryogenic Deposit
CRATER-ICE-217,-88.36285508344582,242.70916198140029,-1770.9031145635738,55.584744832930895,0.896,7355.2,23.1,152235.0,Confirmed Cryogenic Deposit
CRATER-ICE-218,-88.37429606328011,45.33863077710021,971.8535515890572,73.27531458809483,0.896,7355.2,23.1,152235.0,Confirmed Cryogenic Deposit
CRATER-ICE-219,-89.25247327351927,258.48510412572057,-494.0823281680158,77.488362459257,0.896,7355.2,23.1,152235.0,Confirmed Cryogenic Deposit
CRATER-ICE-220,-88.35392564692776,52.56608601315896,-1260.7190280637285,73.12100678330307,0.893,7336.6,23.0,150686.4,Confirmed Cryogenic Deposit
CRATER-ICE-221,-88.47098276787575,81.51465783155399,45.74930590140639,85.0706713321932,0.891,7324.2,23.0,150094.8,Confirmed Cryogenic Deposit
CRATER-ICE-222,-88.74527096771983,128.7047982338053,639.9752995091787,84.99338581497423,0.89,7318.0,23.0,149799.5,Confirmed Cryogenic Deposit
CRATER-ICE-223,-89.31391026516998,226.3396993292096,-1027.9744456452352,84.25364355639374,0.89,7318.0,23.0,149799.5,Confirmed Cryogenic Deposit
CRATER-ICE-224,-88.58838659088862,266.9770871053951,-1642.2006296530576,90.50147304998258,0.89,7318.0,23.0,149799.5,Confirmed Cryogenic Deposit
CRATER-ICE-225,-88.10589367068448,32.65951778921911,-2094.818787369306,71.88829372210493,0.889,7311.8,22.9,148854.4,Confirmed Cryogenic Deposit
CRATER-ICE-226,-89.55527267332938,46.57702210801232,-802.6923080160836,52.26769325771131,0.889,7311.8,22.9,148854.4,Confirmed Cryogenic Deposit
CRATER-ICE-227,-88.26883773635205,115.79848970210892,-1458.9462032329502,70.37514989192266,0.888,7305.6,22.9,148560.8,Confirmed Cryogenic Deposit
CRATER-ICE-228,-88.84323768400299,113.40297906831866,-3594.965282128498,61.59547950099146,0.888,7305.6,22.9,148560.8,Confirmed Cryogenic Deposit
CRATER-ICE-229,-88.76586968796136,258.69734664847044,-38.45869414822232,62.46682642497889,0.888,7305.6,22.9,148560.8,Confirmed Cryogenic Deposit
CRATER-ICE-230,-88.8558951235849,207.5561963824104,130.34515775186992,89.6772993734015,0.888,7305.6,22.9,148560.8,Confirmed Cryogenic Deposit
CRATER-ICE-231,-89.84295058987416,350.0026953178887,-2064.2136478245543,89.22743582886162,0.888,7305.6,22.9,148560.8,Confirmed Cryogenic Deposit
CRATER-ICE-232,-88.55278501304326,137.65079918218603,-2096.7175790145275,45.5945144221796,0.887,7299.4,22.9,148267.6,Confirmed Cryogenic Deposit
CRATER-ICE-233,-89.59069712050817,128.14862069960515,806.6450184452506,41.49756267852666,0.887,7299.4,22.9,148267.6,Confirmed Cryogenic Deposit
CRATER-ICE-234,-88.6646179244435,325.1785040060091,-800.7115945608471,40.38975570960603,0.887,7299.4,22.9,148267.6,Confirmed Cryogenic Deposit
CRATER-ICE-235,-89.80182942884989,282.22290651522275,-1870.2584489342253,61.30390568119191,0.886,7293.2,22.9,147974.7,Confirmed Cryogenic Deposit
CRATER-ICE-236,-89.24272351416077,98.51989857172477,-893.2359881166271,69.68704679311223,0.886,7293.2,22.9,147974.7,Confirmed Cryogenic Deposit
CRATER-ICE-237,-88.42815829075576,287.88907032100485,-1847.1711143406403,42.470603038317456,0.885,7287.0,22.9,147682.0,Confirmed Cryogenic Deposit
CRATER-ICE-238,-88.92888408686996,201.6869269618989,-1270.0428371627515,93.88446252121828,0.885,7287.0,22.9,147682.0,Confirmed Cryogenic Deposit
CRATER-ICE-239,-88.10628725459543,352.42104810767825,-1378.4205450131217,50.58107496733374,0.885,7287.0,22.9,147682.0,Confirmed Cryogenic Deposit
CRATER-ICE-240,-88.57754338631756,197.898211858792,-2028.769542885312,88.95457432507169,0.884,7280.8,22.9,147389.6,Confirmed Cryogenic Deposit
CRATER-ICE-241,-89.33894806130891,321.87583299821733,-1767.0225621771986,51.6992312223488,0.884,7280.8,22.9,147389.6,Confirmed Cryogenic Deposit
CRATER-ICE-242,-88.09399100008622,154.86332703995274,-1728.909689752778,91.6390049705919,0.884,7280.8,22.9,147389.6,Confirmed Cryogenic Deposit
CRATER-ICE-243,-88.68567211815055,96.58339215399816,-1019.7842223879628,70.3982628819532,0.884,7280.8,22.9,147389.6,Confirmed Cryogenic Deposit
CRATER-ICE-244,-88.7619408344633,58.64495561186186,-2585.9956759738616,69.56606491204927,0.883,7274.6,22.8,146455.2,Confirmed Cryogenic Deposit
CRATER-ICE-245,-88.54226774686988,100.44298452520678,-426.4346837241467,48.42124419981534,0.883,7274.6,22.8,146455.2,Confirmed Cryogenic Deposit
CRATER-ICE-246,-89.38432217715125,75.3864170219761,-2389.8995571231817,78.18618529786204,0.883,7274.6,22.8,146455.2,Confirmed Cryogenic Deposit
CRATER-ICE-247,-88.3930285394062,4.683676833314179,-576.6954995293182,67.6363929954093,0.882,7268.4,22.8,146164.6,Confirmed Cryogenic Deposit
CRATER-ICE-248,-88.38324292530254,6.491523537082804,-921.8611662040004,56.05106379032559,0.881,7262.2,22.8,145874.4,Confirmed Cryogenic Deposit
CRATER-ICE-249,-88.7967740707717,75.47793196021215,-753.4143144973575,52.57415819161948,0.881,7262.2,22.8,145874.4,Confirmed Cryogenic Deposit
CRATER-ICE-250,-89.34584110045233,229.7607894146201,-926.2195364605236,57.11813777671546,0.881,7262.2,22.8,145874.4,Confirmed Cryogenic Deposit
CRATER-ICE-251,-88.26098310481656,301.90384663130044,-682.6048516650844,89.35824141755901,0.881,7262.2,22.8,145874.4,Confirmed Cryogenic Deposit
CRATER-ICE-252,-89.32446011521694,50.29940411242347,-1428.433300245779,42.62853161285668,0.881,7262.2,22.8,145874.4,Confirmed Cryogenic Deposit
CRATER-ICE-253,-88.30797408778157,91.83140007170331,-2699.892524401369,53.48487471882552,0.881,7262.2,22.8,145874.4,Confirmed Cryogenic Deposit
CRATER-ICE-254,-88.17843458508561,272.3538900583104,-1867.8639284373385,85.23708070783306,0.881,7262.2,22.8,145874.4,Confirmed Cryogenic Deposit
CRATER-ICE-255,-88.46319413349467,140.5355205769034,-370.3957405046731,68.93239936900255,0.88,7256.0,22.8,145584.4,Confirmed Cryogenic Deposit
CRATER-ICE-256,-88.55712328791765,308.5020467529797,-2050.4290182829745,75.17656303326446,0.88,7256.0,22.8,145584.4,Confirmed Cryogenic Deposit
CRATER-ICE-257,-89.02452034073782,215.16564078844527,-1444.5059539254364,94.32381953439088,0.88,7256.0,22.8,145584.4,Confirmed Cryogenic Deposit
CRATER-ICE-258,-89.51193999789999,257.0713281666063,-1772.410212898199,40.69612236165244,0.879,7249.8,22.8,145294.7,Confirmed Cryogenic Deposit
CRATER-ICE-259,-89.78533104041793,10.547799517230612,-1530.7589627774362,74.1713368819234,0.879,7249.8,22.8,145294.7,Confirmed Cryogenic Deposit
CRATER-ICE-260,-89.83030191450787,196.7314899691355,-391.6965493733892,48.08158977703069,0.878,7243.6,22.7,144369.3,Confirmed Cryogenic Deposit
CRATER-ICE-261,-88.3001367406848,285.88844222361803,-1659.055931128095,83.27786480518188,0.878,7243.6,22.7,144369.3,Confirmed Cryogenic Deposit
CRATER-ICE-262,-88.98544611189288,358.0431324064289,-1434.2063350179635,42.185103435058,0.877,7237.4,22.7,144081.4,Confirmed Cryogenic Deposit
CRATER-ICE-263,-89.55397596019148,342.2680967565618,-1593.2355310455237,40.093776732624576,0.876,7231.2,22.7,143793.9,Confirmed Cryogenic Deposit
CRATER-ICE-264,-88.15315525089261,124.818754044928,-743.0206318110083,50.05808364648841,0.876,7231.2,22.7,143793.9,Confirmed Cryogenic Deposit
CRATER-ICE-265,-88.11715313204003,37.677758524733214,-1832.0136774521663,80.2761846377048,0.876,7231.2,22.7,143793.9,Confirmed Cryogenic Deposit
CRATER-ICE-266,-88.49039697877845,245.00991345075624,-1123.19258560236,73.21994109474929,0.875,7225.0,22.7,143506.6,Confirmed Cryogenic Deposit
CRATER-ICE-267,-89.61181772850777,274.36666336211687,644.7572687741917,59.95036000193193,0.873,7212.6,22.7,142932.8,Confirmed Cryogenic Deposit
CRATER-ICE-268,-88.84445581721732,250.43067124034687,-649.9594243260046,60.96092003198143,0.873,7212.6,22.7,142932.8,Confirmed Cryogenic Deposit
CRATER-ICE-269,-89.07825403117275,268.34318609095425,-185.02888433874372,59.88911727073904,0.872,7206.4,22.6,142018.0,Confirmed Cryogenic Deposit
CRATER-ICE-270,-88.1899645804886,2.5530525987735557,-1102.8311486403634,62.4437511669762,0.872,7206.4,22.6,142018.0,Confirmed Cryogenic Deposit
CRATER-ICE-271,-88.6440729169301,276.9302013269712,-972.346567620379,48.90076371724218,0.87,7194.0,22.6,141448.4,Confirmed Cryogenic Deposit
CRATER-ICE-272,-89.47751352097848,189.05070663706667,-419.0890479464631,86.25216858926518,0.87,7194.0,22.6,141448.4,Confirmed Cryogenic Deposit
CRATER-ICE-273,-88.29662911866123,73.61404603049647,-1468.962989333411,85.07049712972022,0.869,7187.8,22.6,141164.1,Confirmed Cryogenic Deposit
CRATER-ICE-274,-88.55740324723045,156.81209688457523,-897.9562137296716,69.81869591378418,0.869,7187.8,22.6,141164.1,Confirmed Cryogenic Deposit
CRATER-ICE-275,-88.42649752827948,163.9421658892587,-422.87011386211225,41.20595363839078,0.867,7175.4,22.5,139974.1,Confirmed Cryogenic Deposit
CRATER-ICE-276,-88.51644136321316,51.50230298042486,190.38798809881632,87.26466131840485,0.867,7175.4,22.5,139974.1,Confirmed Cryogenic Deposit
CRATER-ICE-277,-89.55983988886099,155.6626896666324,-1492.624596241605,43.8925518577168,0.866,7169.2,22.5,139691.9,Confirmed Cryogenic Deposit
CRATER-ICE-278,-89.44483240773276,72.64618137088449,-2141.933204199431,91.64880556555876,0.866,7169.2,22.5,139691.9,Confirmed Cryogenic Deposit
CRATER-ICE-279,-89.60863233407946,95.46146682600802,-791.571697239011,93.859552891827,0.866,7169.2,22.5,139691.9,Confirmed Cryogenic Deposit
CRATER-ICE-280,-88.43622590616519,341.22836421131785,-1474.5532549493696,73.73535933690137,0.865,7163.0,22.5,139409.9,Confirmed Cryogenic Deposit
CRATER-ICE-281,-89.65777154156923,92.5748463992745,-1253.9572468441456,51.505152602720166,0.865,7163.0,22.5,139409.9,Confirmed Cryogenic Deposit
CRATER-ICE-282,-88.25379595127457,309.3964498200783,-460.51410557919553,91.6880620535752,0.865,7163.0,22.5,139409.9,Confirmed Cryogenic Deposit
CRATER-ICE-283,-89.85730831419178,258.32209775347286,-2292.958670135134,93.59749357945309,0.865,7163.0,22.5,139409.9,Confirmed Cryogenic Deposit
CRATER-ICE-284,-88.06067495710356,277.676331558066,-1476.883417424012,80.67560063046174,0.865,7163.0,22.5,139409.9,Confirmed Cryogenic Deposit
CRATER-ICE-285,-89.582089522398,43.88011634892923,-1388.1319026008775,62.89058792211425,0.864,7156.8,22.5,139128.2,Confirmed Cryogenic Deposit
CRATER-ICE-286,-89.09209434150846,88.36360651401496,-493.1145712046648,48.00202466013578,0.864,7156.8,22.5,139128.2,Confirmed Cryogenic Deposit
CRATER-ICE-287,-88.50921151055833,307.6370615527849,-888.9448717890293,56.21027516771802,0.864,7156.8,22.5,139128.2,Confirmed Cryogenic Deposit
CRATER-ICE-288,-88.16522121290927,34.00647328839128,-1131.9633118398544,85.09391609465501,0.864,7156.8,22.5,139128.2,Confirmed Cryogenic Deposit
CRATER-ICE-289,-89.30080888779437,341.66865714581405,-440.2396925777042,90.59345623908324,0.864,7156.8,22.5,139128.2,Confirmed Cryogenic Deposit
CRATER-ICE-290,-88.57943306516876,157.60133182786316,-2137.46504037802,78.08846300894348,0.864,7156.8,22.5,139128.2,Confirmed Cryogenic Deposit
CRATER-ICE-291,-89.15694508036165,190.8188421164571,-1114.8048157679266,41.10369024738317,0.863,7150.6,22.5,138846.8,Confirmed Cryogenic Deposit
CRATER-ICE-292,-89.48896772250143,165.94905319651426,-1514.2408135049136,48.73991150894039,0.863,7150.6,22.5,138846.8,Confirmed Cryogenic Deposit
CRATER-ICE-293,-89.37926398024985,54.11182409422875,-404.10504496964927,46.6232774399423,0.863,7150.6,22.5,138846.8,Confirmed Cryogenic Deposit
CRATER-ICE-294,-88.01409458857324,299.9787498103528,-474.503572311772,41.46549101401271,0.863,7150.6,22.5,138846.8,Confirmed Cryogenic Deposit
CRATER-ICE-295,-89.85495526807541,98.83605050656008,-825.1749944759008,69.85495491429967,0.862,7144.4,22.4,137949.8,Confirmed Cryogenic Deposit
CRATER-ICE-296,-88.69429340665442,15.71793433668307,-1764.253379132679,40.33388425475968,0.862,7144.4,22.4,137949.8,Confirmed Cryogenic Deposit
CRATER-ICE-297,-88.70735469916431,38.53048831597371,-749.7164156342956,45.99581094939783,0.862,7144.4,22.4,137949.8,Confirmed Cryogenic Deposit
CRATER-ICE-298,-88.17241988056972,61.54016168433089,-1806.771138344692,90.71858510642838,0.861,7138.2,22.4,137670.2,Confirmed Cryogenic Deposit
CRATER-ICE-299,-89.88410900443398,217.83658400537425,-737.9864363142306,77.23268656610318,0.859,7125.8,22.4,137111.8,Confirmed Cryogenic Deposit
CRATER-ICE-300,-89.29784819020307,29.960303834906025,-2415.914239695188,81.25122047132794,0.859,7125.8,22.4,137111.8,Confirmed Cryogenic Deposit
CRATER-ICE-301,-89.2598979956349,69.60212410033878,-1055.303110814054,70.36846007508701,0.859,7125.8,22.4,137111.8,Confirmed Cryogenic Deposit
CRATER-ICE-302,-89.59340201906208,335.49989027557393,-370.2628219743964,68.8433921458114,0.859,7125.8,22.4,137111.8,Confirmed Cryogenic Deposit
CRATER-ICE-303,-88.17776883864562,100.68258835671952,-1774.2825714832284,78.97468838840409,0.859,7125.8,22.4,137111.8,Confirmed Cryogenic Deposit
CRATER-ICE-304,-89.16506624010142,262.65839372472334,802.5902440555906,49.21156972869324,0.859,7125.8,22.4,137111.8,Confirmed Cryogenic Deposit
CRATER-ICE-305,-88.07957578305307,12.30321205479147,-2668.804226685465,63.04240923962233,0.857,7113.4,22.4,136554.5,Confirmed Cryogenic Deposit
CRATER-ICE-306,-88.40869574348821,242.28293986392373,-1637.7534311059928,91.25885707565598,0.857,7113.4,22.4,136554.5,Confirmed Cryogenic Deposit
CRATER-ICE-307,-89.74496243199081,31.04970166942737,-529.5887563709517,74.72564191822849,0.857,7113.4,22.4,136554.5,Confirmed Cryogenic Deposit
CRATER-ICE-308,-88.66188445509317,249.4084315067672,-674.8747476080223,94.62469199690184,0.856,7107.2,22.3,135667.9,Confirmed Cryogenic Deposit
CRATER-ICE-309,-89.21175266086065,130.38537700589455,-1106.7935580193034,93.01388774607686,0.856,7107.2,22.3,135667.9,Confirmed Cryogenic Deposit
CRATER-ICE-310,-88.38899210746621,35.139613719236976,-431.2542571133909,60.18370053680475,0.856,7107.2,22.3,135667.9,Confirmed Cryogenic Deposit
CRATER-ICE-311,-88.58824982560421,165.34932775670654,-725.1684541654473,54.53568716668651,0.856,7107.2,22.3,135667.9,Confirmed Cryogenic Deposit
CRATER-ICE-312,-89.52904285438267,316.3972125286268,-1319.708755401434,44.36951241643922,0.856,7107.2,22.3,135667.9,Confirmed Cryogenic Deposit
CRATER-ICE-313,-88.1258760962972,331.2709149867386,-2180.4277777719217,85.82749645494849,0.855,7101.0,22.3,135391.2,Confirmed Cryogenic Deposit
CRATER-ICE-314,-88.1614970782797,295.5715009547152,-1297.3898030269004,69.5722689280841,0.855,7101.0,22.3,135391.2,Confirmed Cryogenic Deposit
CRATER-ICE-315,-89.1784721064533,255.5759064363287,-825.1811177449312,73.24742258932386,0.854,7094.8,22.3,135114.8,Confirmed Cryogenic Deposit
CRATER-ICE-316,-88.05361404283018,335.724015134146,603.2304871368954,89.43871646241799,0.854,7094.8,22.3,135114.8,Confirmed Cryogenic Deposit
CRATER-ICE-317,-88.199848353485,188.7316993935852,-1939.4147220760572,64.83405181834978,0.852,7082.4,22.3,134562.8,Confirmed Cryogenic Deposit
CRATER-ICE-318,-89.03315063298447,17.921160548295756,-270.79756121441926,67.71772507265732,0.852,7082.4,22.3,134562.8,Confirmed Cryogenic Deposit
CRATER-ICE-319,-89.70786691536671,23.074095973023173,-630.0145884529564,60.57028596553091,0.851,7076.2,22.2,133685.0,Confirmed Cryogenic Deposit
CRATER-ICE-320,-89.03508171674459,350.9136292810303,-345.60177755282234,61.222344733788105,0.851,7076.2,22.2,133685.0,Confirmed Cryogenic Deposit
CRATER-ICE-321,-88.54693961282685,48.52288257027772,-333.9703930536722,44.68870847563527,0.85,7070.0,22.2,133410.9,Confirmed Cryogenic Deposit
CRATER-ICE-322,-88.95522783880448,209.4197498904516,-2353.528284889448,57.6126522532687,0.85,7070.0,22.2,133410.9,Confirmed Cryogenic Deposit
CRATER-ICE-323,-89.19521208450026,338.5429322203959,-2092.1972291014517,73.68482966515288,0.849,7063.8,22.2,133137.1,Confirmed Cryogenic Deposit
CRATER-ICE-324,-88.28671376207852,80.95924088119143,-715.5648139315339,58.42123541277952,0.849,7063.8,22.2,133137.1,Confirmed Cryogenic Deposit
CRATER-ICE-325,-88.00975399737744,149.43858366777573,-874.5218918881735,93.30278910274228,0.848,7057.6,22.2,132863.6,Confirmed Cryogenic Deposit
CRATER-ICE-326,-88.36457127882761,252.3116510077968,-1244.6817461222488,53.22056747173065,0.848,7057.6,22.2,132863.6,Confirmed Cryogenic Deposit
CRATER-ICE-327,-89.1492382877978,301.1832757323569,-2012.5305847038608,52.681178523149455,0.848,7057.6,22.2,132863.6,Confirmed Cryogenic Deposit
CRATER-ICE-328,-88.08351042713733,46.72186766014006,-1188.530862259392,51.86065659008333,0.848,7057.6,22.2,132863.6,Confirmed Cryogenic Deposit
CRATER-ICE-329,-88.98615150921637,233.6954273391142,-1680.5983445108543,83.79531080638057,0.847,7051.4,22.2,132590.3,Confirmed Cryogenic Deposit
CRATER-ICE-330,-89.26296980485124,66.7893510927789,-1713.7017390652827,77.48547402288995,0.847,7051.4,22.2,132590.3,Confirmed Cryogenic Deposit
CRATER-ICE-331,-89.26045187143156,203.2538692645157,868.7801405471168,55.7555649429762,0.846,7045.2,22.2,132317.3,Confirmed Cryogenic Deposit
CRATER-ICE-332,-89.0656436737166,14.042311474614523,-792.5637410863937,66.02452919117445,0.845,7039.0,22.1,131449.8,Confirmed Cryogenic Deposit
CRATER-ICE-333,-89.8752963453296,342.81504523201403,-195.04204846905415,93.78450260074038,0.845,7039.0,22.1,131449.8,Confirmed Cryogenic Deposit
CRATER-ICE-334,-89.1477192702277,250.3758453039541,-2087.011916323996,58.36913200463009,0.845,7039.0,22.1,131449.8,Confirmed Cryogenic Deposit
CRATER-ICE-335,-88.60173878444765,93.08061491048852,-592.8146436319098,58.95125262023262,0.845,7039.0,22.1,131449.8,Confirmed Cryogenic Deposit
CRATER-ICE-336,-89.82991480002639,316.7415892589284,-568.739838880072,67.29132339725044,0.844,7032.8,22.1,131178.6,Confirmed Cryogenic Deposit
CRATER-ICE-337,-89.42963643646821,226.40585217250143,-2499.134274055974,40.616061346352936,0.843,7026.6,22.1,130907.7,Confirmed Cryogenic Deposit
CRATER-ICE-338,-89.17393499781812,71.57827090313279,-758.6558141952244,56.449459689001216,0.843,7026.6,22.1,130907.7,Confirmed Cryogenic Deposit
CRATER-ICE-339,-88.3871412439714,292.56949561528165,-1642.5928014718395,81.75166927503133,0.843,7026.6,22.1,130907.7,Confirmed Cryogenic Deposit
CRATER-ICE-340,-88.8924259468266,291.9976438699145,-1439.6395289593538,68.33528273799388,0.843,7026.6,22.1,130907.7,Confirmed Cryogenic Deposit
CRATER-ICE-341,-89.15502220388132,51.78040955651192,-1775.457349446539,40.235131856327,0.842,7020.4,22.1,130637.0,Confirmed Cryogenic Deposit
CRATER-ICE-342,-88.24681213958823,293.26502016933017,-933.7916170903916,63.71120883000923,0.842,7020.4,22.1,130637.0,Confirmed Cryogenic Deposit
CRATER-ICE-343,-88.05832518232371,275.8483701937364,-552.273975881407,93.77963190260073,0.842,7020.4,22.1,130637.0,Confirmed Cryogenic Deposit
CRATER-ICE-344,-88.52679827074627,171.63139518299815,-403.5786466607087,68.89766390247036,0.841,7014.2,22.1,130366.6,Confirmed Cryogenic Deposit
CRATER-ICE-345,-89.64885865026766,275.68234537766074,-765.3283224007616,76.81651105487546,0.84,7008.0,22.0,129507.8,Confirmed Cryogenic Deposit
CRATER-ICE-346,-88.94582948037065,115.20580071146102,-2763.6744035866204,69.65549788973925,0.839,7001.8,22.0,129239.2,Confirmed Cryogenic Deposit
CRATER-ICE-347,-89.40862041371273,179.1237900199413,-1208.164480312746,55.46926097888213,0.839,7001.8,22.0,129239.2,Confirmed Cryogenic Deposit
CRATER-ICE-348,-89.03705104080026,253.4169266380191,82.27539774237562,93.42722842418276,0.838,6995.6,22.0,128970.9,Confirmed Cryogenic Deposit
CRATER-ICE-349,-88.3218167551796,37.61366231082047,-1462.1067498479686,47.59080330116164,0.838,6995.6,22.0,128970.9,Confirmed Cryogenic Deposit
CRATER-ICE-350,-88.06834519038553,13.810990088052408,-1378.9332574427551,77.8395610249624,0.837,6989.4,22.0,128702.8,Confirmed Cryogenic Deposit
CRATER-ICE-351,-89.17000724532699,109.71392860703727,-221.8305657344553,84.37096089097386,0.837,6989.4,22.0,128702.8,Confirmed Cryogenic Deposit
CRATER-ICE-352,-88.72555634313,225.37969523308848,-1049.5413144065817,84.97346215161832,0.836,6983.2,22.0,128435.0,Confirmed Cryogenic Deposit
CRATER-ICE-353,-89.3280124521148,151.42688527637495,-2631.209912401153,80.39039335504765,0.836,6983.2,22.0,128435.0,Confirmed Cryogenic Deposit
CRATER-ICE-354,-89.79230717888491,208.6330928939932,-1242.5699490183863,75.79428833897586,0.836,6983.2,22.0,128435.0,Confirmed Cryogenic Deposit
CRATER-ICE-355,-89.10643270794772,331.2409727961464,-682.9438694913397,74.66674626581077,0.836,6983.2,22.0,128435.0,Confirmed Cryogenic Deposit
CRATER-ICE-356,-88.45165824392443,42.14318867347056,-222.5562520186388,45.88148349226592,0.835,6977.0,21.9,127584.9,Confirmed Cryogenic Deposit
CRATER-ICE-357,-88.09412757590694,3.312323145136604,-1455.8658113024635,67.54571964576311,0.835,6977.0,21.9,127584.9,Confirmed Cryogenic Deposit
CRATER-ICE-358,-88.59301712762846,283.69265384700793,428.42516537567576,77.1656265559448,0.834,6970.8,21.9,127318.9,Confirmed Cryogenic Deposit
CRATER-ICE-359,-89.58685185011407,64.67443846392308,-1149.16647635125,46.21569439408381,0.832,6958.4,21.9,126787.6,Confirmed Cryogenic Deposit
CRATER-ICE-360,-89.02679029129412,298.1565928391739,-1505.4169573392344,91.26752495191408,0.832,6958.4,21.9,126787.6,Confirmed Cryogenic Deposit
CRATER-ICE-361,-89.3964117861825,4.615793823818097,-2227.782213133973,50.66320196660506,0.832,6958.4,21.9,126787.6,Confirmed Cryogenic Deposit
CRATER-ICE-362,-88.24556844435921,336.25187680703016,-419.8395666521872,71.79505113227765,0.831,6952.2,21.9,126522.4,Confirmed Cryogenic Deposit
CRATER-ICE-363,-88.75795908307956,351.3135106020732,-1192.618405603625,41.38900089301357,0.831,6952.2,21.9,126522.4,Confirmed Cryogenic Deposit
CRATER-ICE-364,-88.94978577105441,77.80889243193145,-1755.0132859974003,60.44439638444415,0.831,6952.2,21.9,126522.4,Confirmed Cryogenic Deposit
CRATER-ICE-365,-89.61115277905557,35.47686650865926,-1097.6582381003366,41.87714472391478,0.83,6946.0,21.9,126257.4,Confirmed Cryogenic Deposit
CRATER-ICE-366,-89.35095980265,270.4583220975885,-1370.2879062050938,78.49553261611322,0.83,6946.0,21.9,126257.4,Confirmed Cryogenic Deposit
CRATER-ICE-367,-88.08223117561023,197.66996012474024,-541.3145364182619,67.67590802267407,0.829,6939.8,21.8,125417.5,Confirmed Cryogenic Deposit
CRATER-ICE-368,-88.84021150699695,180.61169976231292,-1360.548174700264,84.3134551934405,0.829,6939.8,21.8,125417.5,Confirmed Cryogenic Deposit
CRATER-ICE-369,-89.63237166127838,293.7804325611565,-965.7369251306532,65.41878424935473,0.828,6933.6,21.8,125154.3,Confirmed Cryogenic Deposit
CRATER-ICE-370,-89.33114838209382,201.72552276611643,-1189.263611689232,80.77809399746499,0.828,6933.6,21.8,125154.3,Confirmed Cryogenic Deposit
CRATER-ICE-371,-88.23499307702961,104.24977368146176,-1051.1452540235623,83.77253727974792,0.828,6933.6,21.8,125154.3,Confirmed Cryogenic Deposit
CRATER-ICE-372,-88.46692830660405,278.108133034516,-1642.232734036144,59.27249196499211,0.828,6933.6,21.8,125154.3,Confirmed Cryogenic Deposit
CRATER-ICE-373,-88.9947697259468,268.67297252486765,-1962.5260038040733,43.79077717398299,0.827,6927.4,21.8,124891.3,Confirmed Cryogenic Deposit
CRATER-ICE-374,-89.3826160796132,263.7405717265435,-1215.297743882966,52.32847024330342,0.827,6927.4,21.8,124891.3,Confirmed Cryogenic Deposit
CRATER-ICE-375,-89.59323011527795,40.4067859169719,-1261.8281899730362,81.15289702882569,0.826,6921.2,21.8,124628.7,Confirmed Cryogenic Deposit
CRATER-ICE-376,-88.97009256907803,91.15160652461168,-652.4110931576031,63.62204232838141,0.826,6921.2,21.8,124628.7,Confirmed Cryogenic Deposit
CRATER-ICE-377,-88.49799585827805,208.27505455327133,-1583.775117412909,83.53420891407805,0.826,6921.2,21.8,124628.7,Confirmed Cryogenic Deposit
CRATER-ICE-378,-89.68979969978511,227.94432296247803,-303.2507900750033,60.44970801118656,0.826,6921.2,21.8,124628.7,Confirmed Cryogenic Deposit
CRATER-ICE-379,-89.4573769979681,38.08674729820763,-1359.2500430078958,81.80123304983469,0.825,6915.0,21.8,124366.3,Confirmed Cryogenic Deposit
CRATER-ICE-380,-89.23511807821565,261.20456912158136,-1443.6981186837884,68.37041891708472,0.825,6915.0,21.8,124366.3,Confirmed Cryogenic Deposit
CRATER-ICE-381,-88.26278728280404,299.36661332776293,-2252.35061270981,86.872914903272,0.825,6915.0,21.8,124366.3,Confirmed Cryogenic Deposit
CRATER-ICE-382,-89.51617023003527,330.5826127367848,-518.8720505898766,72.72169664466968,0.825,6915.0,21.8,124366.3,Confirmed Cryogenic Deposit
CRATER-ICE-383,-88.38472331393668,298.3201716720938,-1257.2685543151033,41.24385019903025,0.825,6915.0,21.8,124366.3,Confirmed Cryogenic Deposit
CRATER-ICE-384,-88.32545293074578,14.131099105559969,-1266.728587797249,62.48788085244605,0.823,6902.6,21.7,123274.2,Confirmed Cryogenic Deposit
CRATER-ICE-385,-88.44931989703039,212.79433699282103,-1083.1915121794184,47.83047340817592,0.823,6902.6,21.7,123274.2,Confirmed Cryogenic Deposit
CRATER-ICE-386,-88.26325319655949,79.7930332623213,-1071.4516014994776,91.48693114849904,0.822,6896.4,21.7,123013.8,Confirmed Cryogenic Deposit
CRATER-ICE-387,-88.01879319243496,320.0829680618794,-1493.6913360578487,60.98222555258237,0.822,6896.4,21.7,123013.8,Confirmed Cryogenic Deposit
CRATER-ICE-388,-89.17396536052605,102.98161859734276,-161.647845171894,64.20822972402772,0.819,6877.8,21.7,122234.3,Confirmed Cryogenic Deposit
CRATER-ICE-389,-88.60317309034241,118.90590316852828,-677.3052929632917,54.03140005518669,0.819,6877.8,21.7,122234.3,Confirmed Cryogenic Deposit
CRATER-ICE-390,-89.54797398436628,341.6804844797689,-1569.3960330769016,51.189917779107525,0.819,6877.8,21.7,122234.3,Confirmed Cryogenic Deposit
CRATER-ICE-391,-88.22080681856949,114.92110720302784,-801.0480702915645,48.926931502305344,0.819,6877.8,21.7,122234.3,Confirmed Cryogenic Deposit
CRATER-ICE-392,-89.50779958365486,347.61953929711825,-851.8307773683182,61.86613048340473,0.818,6871.6,21.6,121412.9,Confirmed Cryogenic Deposit
CRATER-ICE-393,-89.1044792276774,264.9367410974804,-1235.6535195403856,61.52140847906878,0.817,6865.4,21.6,121155.1,Confirmed Cryogenic Deposit
CRATER-ICE-394,-89.06371026189476,332.1373525538248,-1427.700403402943,77.93650525377619,0.817,6865.4,21.6,121155.1,Confirmed Cryogenic Deposit
CRATER-ICE-395,-89.51900301926936,223.04973341775127,-949.7422105865228,66.6852814914867,0.816,6859.2,21.6,120897.5,Confirmed Cryogenic Deposit
CRATER-ICE-396,-88.50511260782088,155.87029794229426,-1618.0167435277094,72.31950134828088,0.816,6859.2,21.6,120897.5,Confirmed Cryogenic Deposit
CRATER-ICE-397,-89.34289953377368,127.25034914185942,-1350.181618863907,73.6055086649804,0.815,6853.0,21.6,120640.2,Confirmed Cryogenic Deposit
CRATER-ICE-398,-88.69784743037766,175.8977733160745,32.60190121341793,84.9492346057634,0.813,6840.6,21.5,119570.3,Confirmed Cryogenic Deposit
CRATER-ICE-399,-89.04763980118638,105.07218373310393,-1306.6229721833245,76.72337689385593,0.813,6840.6,21.5,119570.3,Confirmed Cryogenic Deposit
CRATER-ICE-400,-88.933107944377,262.3933834158945,-163.9942800492654,83.84501156243408,0.812,6834.4,21.5,119315.0,Confirmed Cryogenic Deposit
CRATER-ICE-401,-89.43005339994374,80.31240664032809,-260.1905598135694,79.75950552449255,0.812,6834.4,21.5,119315.0,Confirmed Cryogenic Deposit
CRATER-ICE-402,-88.91902933822773,171.71402134235535,-710.1841519156859,85.93805242532281,0.81,6822.0,21.5,118805.1,Confirmed Cryogenic Deposit
CRATER-ICE-403,-88.09538016474535,92.9187515424293,-1701.6742598178369,87.48626106341493,0.809,6815.8,21.5,118550.6,Confirmed Cryogenic Deposit
CRATER-ICE-404,-89.86020457404128,286.3959810935933,-1464.8194673664646,80.33611776507531,0.809,6815.8,21.5,118550.6,Confirmed Cryogenic Deposit
CRATER-ICE-405,-89.05757797267955,0.1445558491223542,-1281.6451125030785,48.585774870057016,0.809,6815.8,21.5,118550.6,Confirmed Cryogenic Deposit
CRATER-ICE-406,-88.37707948742232,161.85000705129443,-156.02984896766498,74.68470759347898,0.808,6809.6,21.4,117746.2,Confirmed Cryogenic Deposit
CRATER-ICE-407,-89.33643628390152,3.330908076924848,-1475.707869606525,44.46376759914878,0.808,6809.6,21.4,117746.2,Confirmed Cryogenic Deposit
CRATER-ICE-408,-88.21065694451399,295.76796903390164,-1372.6646043489236,70.65543567449122,0.808,6809.6,21.4,117746.2,Confirmed Cryogenic Deposit
CRATER-ICE-409,-89.52061981389912,93.20553892553023,-1924.972265637769,56.78566089419739,0.808,6809.6,21.4,117746.2,Confirmed Cryogenic Deposit
CRATER-ICE-410,-89.10251809784037,38.08980894834512,-715.5890791006678,73.75134440751299,0.807,6803.4,21.4,117493.4,Confirmed Cryogenic Deposit
CRATER-ICE-411,-89.46913201189268,102.54696357982093,-2405.537839310411,92.65251012919492,0.806,6797.2,21.4,117240.8,Confirmed Cryogenic Deposit
CRATER-ICE-412,-88.26576744534051,334.21411871308504,-1164.3443112885827,43.20832997566409,0.805,6791.0,21.4,116988.6,Confirmed Cryogenic Deposit
CRATER-ICE-413,-89.13315809551298,253.82278231393647,-1477.7291859347597,69.7874928050301,0.805,6791.0,21.4,116988.6,Confirmed Cryogenic Deposit
CRATER-ICE-414,-89.2429684130202,298.5054407819704,-863.3867499851309,64.33415540483455,0.804,6784.8,21.4,116736.6,Confirmed Cryogenic Deposit
CRATER-ICE-415,-89.75001513440155,248.941996492894,-477.5534666104536,91.79615992271626,0.804,6784.8,21.4,116736.6,Confirmed Cryogenic Deposit
CRATER-ICE-416,-88.06938809979877,171.4817856579718,-310.16604008661784,86.51387750086255,0.803,6778.6,21.4,116484.8,Confirmed Cryogenic Deposit
CRATER-ICE-417,-88.47697001336525,125.8106830317452,-2649.311877694709,70.06058798469583,0.802,6772.4,21.3,115690.2,Confirmed Cryogenic Deposit
CRATER-ICE-418,-89.14347948217721,263.4741854231403,-943.8497160625016,67.25030732447982,0.801,6766.2,21.3,115440.2,Confirmed Cryogenic Deposit
CRATER-ICE-419,-88.12744276111762,100.39389345394736,-1704.690808546727,74.71655752668298,0.801,6766.2,21.3,115440.2,Confirmed Cryogenic Deposit
CRATER-ICE-420,-89.37929508069432,148.00582017337652,-1765.3352832585124,54.15726886636512,0.801,6766.2,21.3,115440.2,Confirmed Cryogenic Deposit
CRATER-ICE-421,-89.43026095863397,75.36542377827556,-1721.1540398909451,71.8012533122128,0.801,6766.2,21.3,115440.2,Confirmed Cryogenic Deposit
CRATER-ICE-422,-88.31292525838045,354.47561193270224,-1127.752160634852,51.841406352679535,0.801,6766.2,21.3,115440.2,Confirmed Cryogenic Deposit
CRATER-ICE-423,-88.54259408826464,59.01129433690016,-726.7431852375219,47.6427045410935,0.8,6760.0,21.3,115190.4,High Probability Subsurface Ice
CRATER-ICE-424,-88.66506853152225,119.78261154373648,22.665250788996445,46.75316389655329,0.8,6760.0,21.3,115190.4,High Probability Subsurface Ice
CRATER-ICE-425,-89.82861492824208,318.573628864188,-221.75366229327332,54.27870452764777,0.8,6760.0,21.3,115190.4,High Probability Subsurface Ice
CRATER-ICE-426,-88.45132849709269,91.02146424850412,-1985.615597768724,94.04081990595586,0.799,6753.8,21.3,114940.9,High Probability Subsurface Ice
CRATER-ICE-427,-88.00967513697178,45.58936518661477,-1324.3379460222077,58.825501366759696,0.799,6753.8,21.3,114940.9,High Probability Subsurface Ice
CRATER-ICE-428,-89.09167076662881,56.43375431459015,-2509.122415365188,68.85416058906561,0.799,6753.8,21.3,114940.9,High Probability Subsurface Ice
CRATER-ICE-429,-88.92781285998024,67.17243487434031,-815.949105676717,71.6428518308685,0.798,6747.6,21.3,114691.7,High Probability Subsurface Ice
CRATER-ICE-430,-88.10847156256621,346.9266679273377,-1461.29102452897,93.66012955036986,0.798,6747.6,21.3,114691.7,High Probability Subsurface Ice
CRATER-ICE-431,-89.0443342670165,59.83219325114837,-2135.18472817,57.9545038827458,0.798,6747.6,21.3,114691.7,High Probability Subsurface Ice
CRATER-ICE-432,-88.37725302517639,192.14114892172,-227.19476887081885,66.24121674225859,0.797,6741.4,21.2,113905.4,High Probability Subsurface Ice
CRATER-ICE-433,-88.01647698702799,329.2619236254689,-1834.507730891149,61.456406251184745,0.796,6735.2,21.2,113657.8,High Probability Subsurface Ice
CRATER-ICE-434,-88.46747238316611,164.27405539834643,-1757.1688718293508,90.36856861008428,0.795,6729.0,21.2,113410.6,High Probability Subsurface Ice
CRATER-ICE-435,-88.05521352575123,199.89479613885848,-223.4278436036469,64.4334156441277,0.795,6729.0,21.2,113410.6,High Probability Subsurface Ice
CRATER-ICE-436,-88.00730042035232,253.47756987778928,-2183.9064922292328,50.56273715178207,0.795,6729.0,21.2,113410.6,High Probability Subsurface Ice
CRATER-ICE-437,-88.77843960922186,146.27960314695642,-1084.597182174368,69.9669456809821,0.795,6729.0,21.2,113410.6,High Probability Subsurface Ice
CRATER-ICE-438,-89.29370910083782,259.1988489458806,-2003.470261035125,61.46722669033169,0.795,6729.0,21.2,113410.6,High Probability Subsurface Ice
CRATER-ICE-439,-88.1797742448034,115.5589364307232,-1712.9319435174802,80.57464048925041,0.794,6722.8,21.2,113163.5,High Probability Subsurface Ice
CRATER-ICE-440,-89.71631474567124,200.11349311162536,-1059.517160156504,81.71256047348844,0.794,6722.8,21.2,113163.5,High Probability Subsurface Ice
CRATER-ICE-441,-88.24121802067111,212.340381998312,-1453.0372290918758,56.34922007970283,0.793,6716.6,21.2,112916.8,High Probability Subsurface Ice
CRATER-ICE-442,-88.82860344999474,130.7968112048436,-1278.0965566192608,77.5318800391056,0.792,6710.4,21.2,112670.3,High Probability Subsurface Ice
CRATER-ICE-443,-88.96402562141355,297.5005121761999,330.1505074854365,84.47323386956091,0.79,6698.0,21.1,111649.0,High Probability Subsurface Ice
CRATER-ICE-444,-89.47356291351035,135.4533585589519,-2238.660751735122,56.9541894227654,0.79,6698.0,21.1,111649.0,High Probability Subsurface Ice
CRATER-ICE-445,-88.2905844287306,153.32153581320546,-174.89328150109213,75.76876430954384,0.787,6679.4,21.1,110916.1,High Probability Subsurface Ice
CRATER-ICE-446,-89.40646781085539,102.48290598472693,-1743.5559879341995,88.30422802915305,0.787,6679.4,21.1,110916.1,High Probability Subsurface Ice
CRATER-ICE-447,-88.97832014603888,152.0804844111165,-453.2616364193086,59.46342235549855,0.787,6679.4,21.1,110916.1,High Probability Subsurface Ice
CRATER-ICE-448,-89.07043303943935,113.89514665956584,45.13282845741355,91.6920777391625,0.787,6679.4,21.1,110916.1,High Probability Subsurface Ice
CRATER-ICE-449,-88.91383866775386,244.1241005531927,-799.9097363033067,87.2721309438938,0.786,6673.2,21.0,110147.8,High Probability Subsurface Ice
CRATER-ICE-450,-89.19218677985685,64.30639563154782,-839.9562630518831,84.54233480429474,0.786,6673.2,21.0,110147.8,High Probability Subsurface Ice
CRATER-ICE-451,-89.52257530389494,336.0287953618398,30.41302548930662,47.38276299923069,0.786,6673.2,21.0,110147.8,High Probability Subsurface Ice
CRATER-ICE-452,-89.70640446267458,161.42682276573584,-427.0882713111612,63.055984043947205,0.785,6667.0,21.0,109905.5,High Probability Subsurface Ice
CRATER-ICE-453,-88.7791563949762,8.87198566907616,-1504.9101573387352,52.82627041576297,0.785,6667.0,21.0,109905.5,High Probability Subsurface Ice
CRATER-ICE-454,-89.02922878109555,316.17088838364475,-505.7556323660434,87.86946996181074,0.784,6660.8,21.0,109663.4,High Probability Subsurface Ice
CRATER-ICE-455,-89.3838969555787,344.8207096014611,-2899.221660703081,60.97501863498616,0.784,6660.8,21.0,109663.4,High Probability Subsurface Ice
CRATER-ICE-456,-88.43904671399548,141.7254789566206,-1727.459307821734,52.287254354992456,0.784,6660.8,21.0,109663.4,High Probability Subsurface Ice
CRATER-ICE-457,-89.60646481239064,161.69335298359653,-162.9946322015985,93.54687548109072,0.784,6660.8,21.0,109663.4,High Probability Subsurface Ice
CRATER-ICE-458,-89.11950126100074,168.40886833344211,-1509.905396011772,82.57917867878001,0.783,6654.6,21.0,109421.6,High Probability Subsurface Ice
CRATER-ICE-459,-88.86547071387439,224.1271432198014,-2207.2519291585545,89.98682578352769,0.783,6654.6,21.0,109421.6,High Probability Subsurface Ice
CRATER-ICE-460,-89.82036108823911,332.8743979458651,-157.6572624433511,78.76412896624734,0.782,6648.4,21.0,109180.0,High Probability Subsurface Ice
CRATER-ICE-461,-89.81259498015868,347.9610381769959,-355.1189986640088,69.52449969026009,0.782,6648.4,21.0,109180.0,High Probability Subsurface Ice
CRATER-ICE-462,-89.56679457061546,284.4299699897176,-2532.100237043235,81.74261581663788,0.781,6642.2,20.9,108420.0,High Probability Subsurface Ice
CRATER-ICE-463,-89.38491711784827,246.91545903112728,-805.443449208097,64.19782070542166,0.781,6642.2,20.9,108420.0,High Probability Subsurface Ice
CRATER-ICE-464,-88.51555305995046,144.5951252751769,-1530.7510419012085,73.69607423756051,0.78,6636.0,20.9,108180.1,High Probability Subsurface Ice
CRATER-ICE-465,-88.63165519134621,250.92468501633468,-53.09311294569784,77.12527987202964,0.78,6636.0,20.9,108180.1,High Probability Subsurface Ice
CRATER-ICE-466,-89.44115667801195,183.50034177728347,-1592.645173197136,75.3617666613741,0.78,6636.0,20.9,108180.1,High Probability Subsurface Ice
CRATER-ICE-467,-89.07463369388745,217.5770588698109,-1369.511624958594,57.21811779690143,0.78,6636.0,20.9,108180.1,High Probability Subsurface Ice
CRATER-ICE-468,-88.33703279482401,55.74290207308378,-770.554024620077,92.17355933850187,0.779,6629.8,20.9,107940.4,High Probability Subsurface Ice
CRATER-ICE-469,-89.86360457745262,67.70108393246721,-1974.20187163768,75.3038126948583,0.778,6623.6,20.9,107701.1,High Probability Subsurface Ice
CRATER-ICE-470,-88.93881151011952,347.56150845622363,-775.7046488009605,91.57003336741194,0.777,6617.4,20.9,107461.9,High Probability Subsurface Ice
CRATER-ICE-471,-88.84271718903724,44.12993634258588,-949.406645045107,73.39920129481138,0.775,6605.0,20.8,106472.6,High Probability Subsurface Ice
CRATER-ICE-472,-88.15068633852063,258.64566419634,-1006.1670513581452,47.8264448217281,0.774,6598.8,20.8,106235.4,High Probability Subsurface Ice
CRATER-ICE-473,-89.89204385710688,241.55089541488255,-847.1713321193897,51.07229480123995,0.774,6598.8,20.8,106235.4,High Probability Subsurface Ice
CRATER-ICE-474,-89.2504428845265,75.64239933847723,84.5423664659636,51.56106679488862,0.773,6592.6,20.8,105998.5,High Probability Subsurface Ice
CRATER-ICE-475,-89.44048064728915,99.20403947130426,-1616.7748409848766,86.3985406025593,0.773,6592.6,20.8,105998.5,High Probability Subsurface Ice
CRATER-ICE-476,-89.68370705239447,284.1446356837577,-1191.9830786075447,70.93588374407724,0.773,6592.6,20.8,105998.5,High Probability Subsurface Ice
CRATER-ICE-477,-88.92321865915261,229.68116467784927,-2337.6467977343445,65.59235109668055,0.772,6586.4,20.8,105761.8,High Probability Subsurface Ice
CRATER-ICE-478,-88.97388072332593,347.7012007707301,-125.82251091905164,55.45858319207044,0.772,6586.4,20.8,105761.8,High Probability Subsurface Ice
CRATER-ICE-479,-89.67946198303686,109.1591221839302,-1663.187375951924,44.17937585425479,0.771,6580.2,20.8,105525.4,High Probability Subsurface Ice
CRATER-ICE-480,-88.52665282390389,137.9011703115613,-2625.692065587863,42.87982058069242,0.77,6574.0,20.7,104783.0,High Probability Subsurface Ice
CRATER-ICE-481,-88.75180533374339,91.80131490038724,-1386.4617536406577,78.21708438841257,0.768,6561.6,20.7,104313.7,High Probability Subsurface Ice
CRATER-ICE-482,-89.13213338886304,348.8199829827448,-935.1688777462292,75.07153565242012,0.767,6555.4,20.7,104079.4,High Probability Subsurface Ice
CRATER-ICE-483,-88.72296834258174,133.861242443911,-690.4735367976117,53.85589536961533,0.767,6555.4,20.7,104079.4,High Probability Subsurface Ice
CRATER-ICE-484,-89.8754948073999,45.40888306647546,-1008.426408975652,84.76893702450394,0.767,6555.4,20.7,104079.4,High Probability Subsurface Ice
CRATER-ICE-485,-88.72742452545235,158.6171210613029,-1096.0014193587238,59.11083028236919,0.767,6555.4,20.7,104079.4,High Probability Subsurface Ice
CRATER-ICE-486,-88.08426601219367,309.23510077156203,-2439.3619561182704,44.045459357032016,0.767,6555.4,20.7,104079.4,High Probability Subsurface Ice
CRATER-ICE-487,-89.33692053432476,274.9015076261964,-717.0135870478225,54.82285521125655,0.767,6555.4,20.7,104079.4,High Probability Subsurface Ice
CRATER-ICE-488,-89.65880561386555,8.125090766439357,-684.7480616342219,71.81378409111096,0.766,6549.2,20.7,103845.4,High Probability Subsurface Ice
CRATER-ICE-489,-89.41212452133104,359.4818903708263,-1181.5165231994151,69.25840593854156,0.766,6549.2,20.7,103845.4,High Probability Subsurface Ice
CRATER-ICE-490,-89.66936861509738,27.189750969319277,-1607.9151622925062,87.54230933880251,0.766,6549.2,20.7,103845.4,High Probability Subsurface Ice
CRATER-ICE-491,-88.30686551569825,84.09925153304526,-1004.0821586298166,48.594207471170506,0.766,6549.2,20.7,103845.4,High Probability Subsurface Ice
CRATER-ICE-492,-88.56592241725453,119.8620889064544,-251.8695748485277,54.27061738085132,0.766,6549.2,20.7,103845.4,High Probability Subsurface Ice
CRATER-ICE-493,-88.09921857385847,305.2698095925325,378.0639235575459,40.50967562011465,0.766,6549.2,20.7,103845.4,High Probability Subsurface Ice
CRATER-ICE-494,-89.2832869231895,70.14257699593108,-1778.5347510635142,94.32512554185426,0.765,6543.0,20.7,103611.7,High Probability Subsurface Ice
CRATER-ICE-495,-88.1739743514292,153.0008690843511,-311.4578527567264,73.88800945243557,0.765,6543.0,20.7,103611.7,High Probability Subsurface Ice
CRATER-ICE-496,-88.37813666923361,203.9197266311856,-253.6796084899809,83.06311145403481,0.764,6536.8,20.6,102878.8,High Probability Subsurface Ice
CRATER-ICE-497,-88.3183589824792,192.7251965021964,-1369.6717359363406,86.54525548601056,0.764,6536.8,20.6,102878.8,High Probability Subsurface Ice
CRATER-ICE-498,-89.75723821470197,16.051713384291837,-1509.543557279958,77.77339325971118,0.764,6536.8,20.6,102878.8,High Probability Subsurface Ice
CRATER-ICE-499,-89.60403080489768,358.3859214925169,432.2772791251914,51.71757107246872,0.763,6530.6,20.6,102646.7,High Probability Subsurface Ice
CRATER-ICE-500,-89.18300996408637,320.4068044135553,-1815.7656793902845,41.9733824983867,0.763,6530.6,20.6,102646.7,High Probability Subsurface Ice
CRATER-ICE-501,-88.89794071796692,58.38601406683586,-1633.0392759697918,67.17399175882638,0.763,6530.6,20.6,102646.7,High Probability Subsurface Ice
CRATER-ICE-502,-89.62972619949433,278.0163204615021,-910.0400947243788,76.72980150509622,0.763,6530.6,20.6,102646.7,High Probability Subsurface Ice
CRATER-ICE-503,-89.56726603375233,57.99600837231201,-1426.9489767417383,64.37337504001951,0.762,6524.4,20.6,102414.8,High Probability Subsurface Ice
CRATER-ICE-504,-89.21033260323264,163.91462762229423,-2056.1267708054884,85.42332726021502,0.761,6518.2,20.6,102183.2,High Probability Subsurface Ice
CRATER-ICE-505,-89.3338432525579,244.7345250791892,-1706.911892728462,62.99283816296624,0.761,6518.2,20.6,102183.2,High Probability Subsurface Ice
CRATER-ICE-506,-88.89741281417878,74.46135982197904,-1612.3754184670877,79.63763376492233,0.761,6518.2,20.6,102183.2,High Probability Subsurface Ice
CRATER-ICE-507,-89.2194908357376,27.100337994602505,-1880.944385957988,76.30644028688347,0.76,6512.0,20.6,101951.9,High Probability Subsurface Ice
CRATER-ICE-508,-88.85337099584264,283.2202853040747,-644.2647007051323,68.54396894378033,0.759,6505.8,20.5,101227.0,High Probability Subsurface Ice
CRATER-ICE-509,-88.22615128928466,168.71458931869867,-779.8645493902652,66.16350116905208,0.758,6499.6,20.5,100997.3,High Probability Subsurface Ice
CRATER-ICE-510,-88.54685947943969,141.75185096354642,-1911.08775842854,86.5245917090412,0.758,6499.6,20.5,100997.3,High Probability Subsurface Ice
CRATER-ICE-511,-89.8804594577222,290.1492463215434,-669.3812949884177,44.21508313350184,0.758,6499.6,20.5,100997.3,High Probability Subsurface Ice
CRATER-ICE-512,-89.19780902108913,150.6418189831649,-810.5263448260073,56.58362221387502,0.757,6493.4,20.5,100767.8,High Probability Subsurface Ice
CRATER-ICE-513,-89.82472423183813,197.78825954194724,-2120.981326005716,92.12114968330025,0.756,6487.2,20.5,100538.6,High Probability Subsurface Ice
CRATER-ICE-514,-89.69475106715169,131.08358046294194,-166.82488874770934,92.88342436447506,0.756,6487.2,20.5,100538.6,High Probability Subsurface Ice
CRATER-ICE-515,-88.32773799224088,342.07603411155486,-1891.5442509388304,58.21881858455978,0.755,6481.0,20.5,100309.7,High Probability Subsurface Ice
CRATER-ICE-516,-88.30052532415928,231.63442182623908,-1031.0324806204346,78.12528520830669,0.755,6481.0,20.5,100309.7,High Probability Subsurface Ice
CRATER-ICE-517,-88.38231185203004,141.90857805596687,-1637.1260955709383,72.27838854882174,0.754,6474.8,20.4,99592.8,High Probability Subsurface Ice
CRATER-ICE-518,-89.3524494006769,200.46398872844253,-1360.1733331933249,42.16051213638755,0.754,6474.8,20.4,99592.8,High Probability Subsurface Ice
CRATER-ICE-519,-89.3036365562273,141.5413564431351,-170.44217110686463,61.48012056984529,0.753,6468.6,20.4,99365.5,High Probability Subsurface Ice
CRATER-ICE-520,-89.816895762613,134.35465287784567,-879.4101970467095,92.24813484499056,0.752,6462.4,20.4,99138.4,High Probability Subsurface Ice
CRATER-ICE-521,-88.75887076661483,206.0221732351204,-1453.682266059173,46.91144022863282,0.752,6462.4,20.4,99138.4,High Probability Subsurface Ice
CRATER-ICE-522,-88.09216765066411,312.24767008152884,-907.8647991613432,74.8972465031056,0.752,6462.4,20.4,99138.4,High Probability Subsurface Ice
CRATER-ICE-523,-89.3177776368636,213.0891855908652,-1253.280821617579,56.10903740621388,0.751,6456.2,20.4,98911.6,High Probability Subsurface Ice
CRATER-ICE-524,-89.29658508900388,325.45259512364134,-1140.2513258904914,63.14941873616456,0.751,6456.2,20.4,98911.6,High Probability Subsurface Ice
CRATER-ICE-525,-88.50811301530052,289.8429151516794,-2614.5255294025856,43.69407459330553,0.75,6450.0,20.4,98685.0,High Probability Subsurface Ice
CRATER-ICE-526,-88.73108306736108,290.6141937574501,432.1071087975352,75.89462998413731,0.75,6450.0,20.4,98685.0,High Probability Subsurface Ice
