Landing_Zone_ID,Latitude,Longitude,Elevation,Slope,Hazard_Score,Illumination,Touchdown_Safety_Grade
LZ-SOUTH-001,-89.47964647675248,94.36066992604674,-774.3820541817712,1.3156251415417124,0.0,172.17268351565886,Grade A+ (Optimal Flat)
LZ-SOUTH-002,-88.73747950002748,240.09388108512505,-151.51526974922945,0.6440273447447584,0.0,284.6794708014125,Grade A+ (Optimal Flat)
LZ-SOUTH-003,-88.61471091926991,341.1445170674402,532.4171617652453,1.83467312455986,0.7185800032771326,237.83694148662485,Grade A+ (Optimal Flat)
LZ-SOUTH-004,-88.29162275648848,281.2646330660492,-930.733563632772,3.0507187425380344,1.271658694355386,224.31090490112308,Grade A+ (Optimal Flat)
LZ-SOUTH-005,-89.88786684373802,20.13348604616124,-6.6609129585538085,2.1034071248873136,1.3863835909901852,281.71655155645544,Grade A+ (Optimal Flat)
LZ-SOUTH-006,-88.06218473829644,257.5821436636064,-938.339825557354,3.028017113050698,1.4790852036918167,189.47845060723296,Grade A+ (Optimal Flat)
LZ-SOUTH-007,-89.4442391857637,296.19368749163954,-853.1667116219766,0.3695325844284536,1.5366874406204314,339.5238208967285,Grade A+ (Optimal Flat)
LZ-SOUTH-008,-88.2328031742986,3.271332582437876,-3554.5132523773864,2.4424564217735565,2.1098875171182403,250.62088733646968,Grade A+ (Optimal Flat)
LZ-SOUTH-009,-89.51647844096641,45.40955688581474,-1173.781089955375,2.6539108740976864,2.235616367275824,292.07937274853293,Grade A+ (Optimal Flat)
LZ-SOUTH-010,-88.70030404968509,287.2088539950988,-471.2743719730006,0.8887623358422445,2.2989787189610578,192.52287053385425,Grade A+ (Optimal Flat)
LZ-SOUTH-011,-89.09483677213125,296.3614893287398,-448.63771867036223,1.8437814421369008,2.401212890154243,248.64399640712733,Grade A+ (Optimal Flat)
LZ-SOUTH-012,-88.25052971668273,214.29966279745963,-1175.1492588808549,0.159378179759015,2.504831013495754,200.6889236840189,Grade A+ (Optimal Flat)
LZ-SOUTH-013,-88.77577539161798,68.936261366923,15.469080872515406,0.753443116670061,2.506734269182441,133.08302745217895,Grade A+ (Optimal Flat)
LZ-SOUTH-014,-88.35933069608495,113.97687653786863,-2593.665966164771,0.0558235102375537,2.927524077466152,324.8514154940837,Grade A+ (Optimal Flat)
LZ-SOUTH-015,-89.4338306030842,286.9011014456325,-909.9655271256308,1.4747694500262156,2.98734562708686,232.49693569153496,Grade A+ (Optimal Flat)
LZ-SOUTH-016,-88.66650042597948,86.99721149490667,-994.4020435313356,0.4634029362087375,3.1312920007291565,112.05111469195911,Grade A+ (Optimal Flat)
LZ-SOUTH-017,-88.49804791473309,302.5593901965672,-999.1971654798828,0.0442467177655458,3.1604131643753477,237.38464525138372,Grade A+ (Optimal Flat)
LZ-SOUTH-018,-88.75329526764787,213.6997960007092,144.61257071055184,0.0163845300090308,3.2151734216396,265.60585373830315,Grade A+ (Optimal Flat)
LZ-SOUTH-019,-89.18802825603599,118.34855580585835,-1355.8316970265885,0.2187210464994553,3.240233315251284,281.3978330644321,Grade A+ (Optimal Flat)
LZ-SOUTH-020,-89.52191493597708,127.25189104621636,-1525.6127134454168,0.2426555333303852,3.3162051355081505,102.43228887666366,Grade A+ (Optimal Flat)
LZ-SOUTH-021,-88.61295305321114,121.2918887076284,-755.6809114786081,0.1554321205105697,3.3886018303608845,150.5696243327009,Grade A+ (Optimal Flat)
LZ-SOUTH-022,-88.48055129245485,271.77847205699845,-1440.7482343761064,1.3089570883403674,3.3919824720067027,340.0575147426788,Grade A+ (Optimal Flat)
LZ-SOUTH-023,-89.59341067799478,69.32938768507003,-1156.3105736719435,0.1176820748936435,3.419923470911048,311.46219038912125,Grade A+ (Optimal Flat)
LZ-SOUTH-024,-89.41956957532479,235.66362966556665,-731.5827737145058,3.208468009064539,3.4230301639538627,118.7433352977522,Grade A+ (Optimal Flat)
LZ-SOUTH-025,-88.04977921462141,41.92038867049612,140.5090350764499,2.2603295575089923,3.4357614464128723,239.75799927719143,Grade A+ (Optimal Flat)
LZ-SOUTH-026,-88.92020908737666,159.06733491278302,-1842.7474193370056,4.139014554789917,3.651545928590606,135.38721888286463,Grade A+ (Optimal Flat)
LZ-SOUTH-027,-88.08464843626767,225.0761521887054,-2266.573643160797,0.2894490647189247,3.670174255929771,136.1429676035217,Grade A+ (Optimal Flat)
LZ-SOUTH-028,-88.24431333503738,37.61291403142491,-1499.5120265655314,1.5607901975101657,3.708663706153063,154.10282463758136,Grade A+ (Optimal Flat)
LZ-SOUTH-029,-89.36622443159398,265.36766902439007,-1647.331068047367,2.5685762824803806,3.788414037852416,131.04444349223658,Grade A+ (Optimal Flat)
LZ-SOUTH-030,-88.25426532302762,305.11714789970506,-1422.6983740863152,0.1274061487480509,3.900993131502583,198.2692934560252,Grade A+ (Optimal Flat)
LZ-SOUTH-031,-89.45982376737146,7.613936405789863,-1555.9571127162023,1.2940510332508168,3.930009457256993,135.24886110344727,Grade A+ (Optimal Flat)
LZ-SOUTH-032,-89.57721456088379,175.80056868156046,-1822.8696374493693,0.8241395737667574,3.947817819357219,234.992557427849,Grade A+ (Optimal Flat)
LZ-SOUTH-033,-89.48952745323176,196.23002862956045,-852.5890800623428,2.665288415749586,4.02457901821634,197.09305963242556,Grade A+ (Optimal Flat)
LZ-SOUTH-034,-88.82587251631395,102.34378407436536,-1876.8317381021077,1.3501624564802397,4.084348760005046,312.8550093134039,Grade A+ (Optimal Flat)
LZ-SOUTH-035,-88.03659524719149,76.62603097380867,-1417.3840318957668,2.7797567482281806,4.189090576186377,121.43548951781548,Grade A+ (Optimal Flat)
LZ-SOUTH-036,-88.99496210672791,195.69440696806515,-1026.7562092974354,0.2691567629524058,4.268477382167066,180.69711760366496,Grade A+ (Optimal Flat)
LZ-SOUTH-037,-88.6947089911438,148.2668219320189,-1179.0518806513612,1.503258842432052,4.430156359800542,138.64170855636542,Grade A+ (Optimal Flat)
LZ-SOUTH-038,-88.68025414915779,97.4460975486232,72.63659373700216,1.4372959225189383,4.493207387159586,242.74981630468724,Grade A+ (Optimal Flat)
LZ-SOUTH-039,-88.51374826115767,276.74896729050465,-1023.4953565542694,3.7169746042310994,4.499756736937011,292.1740829531,Grade A+ (Optimal Flat)
LZ-SOUTH-040,-88.87974859650252,196.13688324243543,-1080.9529906563278,1.4653096592672306,4.549722363797377,173.90886433471024,Grade A+ (Optimal Flat)
LZ-SOUTH-041,-89.5439173062146,240.85926551410125,-705.1549144176604,0.6849469864783746,4.8889258138850895,163.3411822235194,Grade A+ (Optimal Flat)
LZ-SOUTH-042,-88.36728231258,307.2047391391406,-1497.651460265061,0.6468371876122685,4.92153408804686,252.29095134789745,Grade A+ (Optimal Flat)
LZ-SOUTH-043,-89.0445169323285,310.56305866046125,-1277.876775114186,0.4367311418884192,5.064793804765423,336.9790581178561,Grade A+ (Optimal Flat)
LZ-SOUTH-044,-88.99079609715291,175.63557815930142,-1524.9211332590428,0.5819729002692586,5.1425402142579415,262.88024523505794,Grade A+ (Optimal Flat)
LZ-SOUTH-045,-89.64004460125398,275.453585950055,-956.4062386558842,0.8437197550919873,5.26588775469286,169.16833008886394,Grade A+ (Optimal Flat)
LZ-SOUTH-046,-89.80453828133633,12.820374098222931,-2147.96155298086,3.860282041094884,5.277095544353394,165.27135669456155,Grade A+ (Optimal Flat)
LZ-SOUTH-047,-88.05115149035257,46.92660469732504,-1660.149159714813,2.09139245983285,5.326524700492948,310.37238497390774,Grade A+ (Optimal Flat)
LZ-SOUTH-048,-89.11750226312019,340.4574390387688,-1333.4517925587147,4.797214234120682,5.371162866079093,294.21666422545286,Grade A+ (Optimal Flat)
LZ-SOUTH-049,-88.26010349083637,26.962503120714143,-1943.1411859685843,0.8141497977802636,5.3991606715213845,269.1326196897643,Grade A+ (Optimal Flat)
LZ-SOUTH-050,-89.02118403934702,157.69586732593814,-1459.1270825727374,1.803529354131852,5.498862532356734,191.830639570966,Grade A+ (Optimal Flat)
LZ-SOUTH-051,-88.31193073697003,144.05589823154364,-1564.1764647061643,0.4673982732474133,5.600092292758602,257.78888487989616,Grade A+ (Optimal Flat)
LZ-SOUTH-052,-88.02489770376224,52.88276479600053,-1244.0811597858567,2.749506797103382,5.681003180298404,340.11528027229565,Grade A+ (Optimal Flat)
LZ-SOUTH-053,-88.97307731653991,206.03346682682755,-2673.5352631452342,2.7535598155196865,5.754264095388358,100.32704988127422,Grade A+ (Optimal Flat)
LZ-SOUTH-054,-89.70063266100547,234.98212455980067,-1502.02491884786,3.3116851211028973,5.85497408036294,265.9702649159601,Grade A+ (Optimal Flat)
LZ-SOUTH-055,-88.30609363575273,355.0236470221301,-1562.1521188076267,1.4867098197672115,5.897130014538489,150.60084088167443,Grade A+ (Optimal Flat)
LZ-SOUTH-056,-88.95856649920823,5.045226309380513,-856.8256411611864,1.4434600483055178,5.910417751171472,292.32124526025564,Grade A+ (Optimal Flat)
LZ-SOUTH-057,-89.00386596757387,191.63169481676783,-1776.1231816172535,0.2095057099887061,5.920403611360616,186.31019338712684,Grade A+ (Optimal Flat)
LZ-SOUTH-058,-89.65705307767742,207.72734460860104,-1654.2462737472842,2.7623048030939845,5.936730814834318,123.66003913033924,Grade A+ (Optimal Flat)
LZ-SOUTH-059,-89.25780920198208,174.68296407552822,-962.2719809534228,0.7803188005058459,5.982840741732773,226.60239391882556,Grade A+ (Optimal Flat)
LZ-SOUTH-060,-89.62829786693513,327.9656519925192,-1124.744127046781,0.4262014494491524,6.080261019583739,145.86323193240358,Grade A+ (Optimal Flat)
LZ-SOUTH-061,-89.34666463362372,308.8565690390384,-825.8479169128916,1.150320125195229,6.099148717952101,328.4264356404092,Grade A+ (Optimal Flat)
LZ-SOUTH-062,-89.22489247789962,319.5227058538289,-178.98880970115647,2.4812477527686845,6.216646800889862,131.94295741620434,Grade A+ (Optimal Flat)
LZ-SOUTH-063,-88.92184702753359,297.9396940856952,-881.8899985789768,1.2318302637294387,6.329842540231619,229.22393299245616,Grade A+ (Optimal Flat)
LZ-SOUTH-064,-89.54295127645089,71.03302940738158,-1443.7342670045248,2.525771049815411,6.448640103461942,328.28390092921416,Grade A+ (Optimal Flat)
LZ-SOUTH-065,-89.33019457331038,215.6757570369909,-1323.0470223048285,0.1371219897325026,6.582367383315572,107.04283720544512,Grade A+ (Optimal Flat)
LZ-SOUTH-066,-88.94414049351832,0.4623931896485089,-2270.1393488701474,2.0066985488654776,6.616529494921507,311.2427191055832,Grade A+ (Optimal Flat)
LZ-SOUTH-067,-88.87397736225144,111.00676380343155,-536.6807719523664,0.3150910790073311,6.6240434122332985,215.46333329817077,Grade A+ (Optimal Flat)
LZ-SOUTH-068,-88.60587607746653,319.7779907441422,-1286.8222740518784,4.918138386404175,6.637699273016235,220.66139310449543,Grade A+ (Optimal Flat)
LZ-SOUTH-069,-89.58789498393112,295.7296509994287,-2262.2389387835447,4.51990513399465,6.760681609169584,316.1057181404483,Grade A+ (Optimal Flat)
LZ-SOUTH-070,-88.93867997530363,151.60280559626938,-1202.7846788585614,3.3999752487769808,6.794665999999159,148.32009572680403,Grade A+ (Optimal Flat)
LZ-SOUTH-071,-89.65858502596143,278.8148171231247,-1113.8404407147052,1.965345742007095,6.796521011531664,317.1246852954829,Grade A+ (Optimal Flat)
LZ-SOUTH-072,-89.84838189967144,120.81932792672448,-1556.6362510614535,0.0584134390868342,6.867194801639725,298.65191072178254,Grade A+ (Optimal Flat)
LZ-SOUTH-073,-88.54323482894839,135.42856875706397,-357.962151412201,0.2851687002901375,6.925929173060846,153.73876780162243,Grade A+ (Optimal Flat)
LZ-SOUTH-074,-88.79193747187352,259.41111097342946,-1362.534823187743,4.639347814593503,6.937245493248291,318.51024412148865,Grade A+ (Optimal Flat)
LZ-SOUTH-075,-88.58018217810192,40.715906192576085,-210.80839025265857,2.028564532143138,7.008974527993907,147.90391937846886,Grade A+ (Optimal Flat)
LZ-SOUTH-076,-88.9147327915351,105.84121989418313,-1261.7773692787405,1.9146919174735368,7.020203832082937,265.4941682408049,Grade A+ (Optimal Flat)
LZ-SOUTH-077,-89.2631252408728,178.82763408215442,-1840.4722738784844,3.2758094135575906,7.026151451253847,273.60878531721767,Grade A+ (Optimal Flat)
LZ-SOUTH-078,-89.83412186197047,103.19780926332828,-997.0531565615224,0.6827581140034056,7.047653213573512,251.3150863865472,Grade A+ (Optimal Flat)
LZ-SOUTH-079,-88.43892391115703,58.80760190753634,-1430.520209938013,0.6653882894497176,7.049805585465472,108.6573531391224,Grade A+ (Optimal Flat)
LZ-SOUTH-080,-89.59446470230675,65.03671487206914,-868.172430336607,2.1214192636775917,7.050247764631734,117.0076319908806,Grade A+ (Optimal Flat)
LZ-SOUTH-081,-89.80259942756561,242.17690014015704,204.88127175482717,3.50860353487008,7.106007370183608,132.25258664999265,Grade A+ (Optimal Flat)
LZ-SOUTH-082,-89.5936795542174,311.4255957751418,-855.1816335912855,2.0224221734064525,7.129219358246967,346.09848951783226,Grade A+ (Optimal Flat)
LZ-SOUTH-083,-89.17154543198932,187.00156310084557,-1547.787974499353,0.6366377684400923,7.147060148779015,229.63464591120896,Grade A+ (Optimal Flat)
LZ-SOUTH-084,-89.41878247130684,123.2910789070695,-484.4329255158968,1.0235663642138917,7.148677632423123,328.1882020402337,Grade A+ (Optimal Flat)
LZ-SOUTH-085,-88.74644296632121,345.6042770948852,-661.2569497970452,1.2123373766369152,7.151935921271499,205.92899598694044,Grade A+ (Optimal Flat)
LZ-SOUTH-086,-89.15703754865794,34.890237744118146,-1055.72904746889,1.1633416657190647,7.175342870437792,294.11087299590054,Grade A+ (Optimal Flat)
LZ-SOUTH-087,-89.36004983814772,229.0941740554526,-2288.018861048476,0.7412917285487559,7.193258955889893,190.0803101294643,Grade A+ (Optimal Flat)
LZ-SOUTH-088,-89.62907112624438,193.1681484103033,-1339.4136275735405,4.324929633261895,7.298150475530168,299.902484566273,Grade A+ (Optimal Flat)
LZ-SOUTH-089,-88.56299664282449,340.5872225047793,802.5374327245686,1.699049235105102,7.320676309236838,283.60275772718626,Grade A+ (Optimal Flat)
LZ-SOUTH-090,-89.74013406650941,353.8608766396923,-1743.1842771705055,2.546147485771609,7.345623020046511,249.48986402795637,Grade A+ (Optimal Flat)
LZ-SOUTH-091,-89.77908227235538,240.67681024103476,-2135.452212069175,0.6757770453307756,7.42662032767601,226.80504528650067,Grade A+ (Optimal Flat)
LZ-SOUTH-092,-88.05723022925548,112.6203111087192,-1932.6040329068485,5.725388335242982,7.558723190689058,323.48635893495816,Grade A+ (Optimal Flat)
LZ-SOUTH-093,-89.26493660744778,232.2540299883252,-2925.1563016040263,0.4536305111527188,7.585881628367082,324.18204824907843,Grade A+ (Optimal Flat)
LZ-SOUTH-094,-89.58785499778243,333.27060949991,-61.38806314747126,2.34424993790161,7.632981701225734,144.7288221459824,Grade A+ (Optimal Flat)
LZ-SOUTH-095,-88.23435815494915,300.59056284586643,-2081.029191871862,3.5058253028369446,7.687373247220863,173.69771622749118,Grade A+ (Optimal Flat)
LZ-SOUTH-096,-89.61227860269707,238.93361241345215,-2828.7220560838205,0.2165387519315444,7.723322542861474,310.1198627563245,Grade A+ (Optimal Flat)
LZ-SOUTH-097,-89.89994163419378,178.9753737178338,-311.6001074820929,0.038856343729849,7.725217170880571,319.3194517019899,Grade A+ (Optimal Flat)
LZ-SOUTH-098,-89.44178609281526,143.67934784067336,-369.0183524462536,2.645645945412932,7.811765127477919,291.14350267218566,Grade A+ (Optimal Flat)
LZ-SOUTH-099,-89.83412649321969,326.0095695263276,-597.6871348049721,1.915185727136837,7.820245625048032,243.3315567763572,Grade A+ (Optimal Flat)
LZ-SOUTH-100,-88.15059466434899,288.1311078439243,45.728711758927375,6.606870763890213,7.864488104279195,297.57293173473084,Grade A+ (Optimal Flat)
LZ-SOUTH-101,-89.49111644316726,200.8365060880388,-658.4047220999566,0.4499150260009728,7.871180147285135,270.78995993862577,Grade A+ (Optimal Flat)
LZ-SOUTH-102,-88.11978013624098,150.46866288499933,406.7784087853597,1.4097203598127983,7.914681445015383,269.4784400602424,Grade A+ (Optimal Flat)
LZ-SOUTH-103,-89.15432944616398,204.5948943880532,-422.45572524749286,1.9455951332607528,7.955853728796767,103.4921130347236,Grade A+ (Optimal Flat)
LZ-SOUTH-104,-88.2357806425002,32.114361174106975,-3168.348657676964,6.311714124434092,8.012445203663951,168.0734447269496,Grade A+ (Optimal Flat)
LZ-SOUTH-105,-89.40831803495998,224.41664374556652,-870.7474246685745,0.1414767076113019,8.015105617401366,327.4179532355172,Grade A+ (Optimal Flat)
LZ-SOUTH-106,-89.27245913174605,143.0019106438437,-738.1901062392644,0.8883470110001443,8.07443401075098,109.1587103948166,Grade A+ (Optimal Flat)
LZ-SOUTH-107,-89.01936131677891,9.302029999204027,-1580.1002227556826,0.8285823879538725,8.123775807212864,307.7137979656208,Grade A+ (Optimal Flat)
LZ-SOUTH-108,-88.7490194260399,78.05313933447898,-2219.069860107364,2.219257373364476,8.229367889573346,251.19776118478345,Grade A+ (Optimal Flat)
LZ-SOUTH-109,-89.79434950880713,19.41572982271364,-3573.4024549925844,1.0960780119256128,8.23684493318255,246.84408516215933,Grade A+ (Optimal Flat)
LZ-SOUTH-110,-89.81326738354548,224.11778263672096,-704.9117358842917,2.332654701232965,8.24442197067326,177.2144795502165,Grade A+ (Optimal Flat)
LZ-SOUTH-111,-89.57091644717097,32.877264360080545,-1339.099056251669,0.3317723046593368,8.282439936780333,171.83690283865585,Grade A+ (Optimal Flat)
LZ-SOUTH-112,-88.43669939766151,17.697898495817338,-1053.6683491037952,4.581793582982418,8.298964326171287,172.82307568162602,Grade A+ (Optimal Flat)
LZ-SOUTH-113,-88.06644886973362,109.34461664103578,-618.7907021311518,0.2236280700425403,8.3434678463546,264.75008060222456,Grade A+ (Optimal Flat)
LZ-SOUTH-114,-89.42777434023789,353.76776625287727,-1325.7891136228418,1.7393191725884236,8.344597140856942,337.6994977440684,Grade A+ (Optimal Flat)
LZ-SOUTH-115,-88.98703680021013,212.7118562622412,-316.00223855646834,3.8822709870782015,8.354700341193743,328.62266540326414,Grade A+ (Optimal Flat)
LZ-SOUTH-116,-89.38052656333166,29.32099664081731,-1924.637770696918,1.4274853797989664,8.383843816267358,249.68327808759247,Grade A+ (Optimal Flat)
LZ-SOUTH-117,-89.87074970578652,262.68422891300685,-1342.9655076507966,0.2222571959195374,8.399533698232444,284.6981363437819,Grade A+ (Optimal Flat)
LZ-SOUTH-118,-88.6971072311808,334.58525418569536,-1591.6565176245372,0.6330688107918476,8.412325323532773,224.6410105237294,Grade A+ (Optimal Flat)
LZ-SOUTH-119,-89.79302377620452,351.52435059674764,-1651.4318821752154,3.074989166017506,8.430071799641018,144.21270051234148,Grade A+ (Optimal Flat)
LZ-SOUTH-120,-89.72201794112662,60.487218789364285,-865.0363373661053,2.7778072286528523,8.437798152124559,330.68773009200777,Grade A+ (Optimal Flat)
LZ-SOUTH-121,-89.31614906664007,300.68786165719166,-1689.9383127206945,3.917361749330752,8.441066892032913,288.03481354257104,Grade A+ (Optimal Flat)
LZ-SOUTH-122,-88.08144381817439,269.86527077364855,-804.3820063609819,0.4858168909976452,8.467820206814839,301.89289141484,Grade A+ (Optimal Flat)
LZ-SOUTH-123,-88.6329579106624,185.4692014097569,-502.6379315209492,1.2949186536458015,8.475091885522886,232.4684246878604,Grade A+ (Optimal Flat)
LZ-SOUTH-124,-88.36221380459082,69.36350273521211,-1634.7363438212135,2.3198703541071914,8.48196338157804,260.5786243000372,Grade A+ (Optimal Flat)
LZ-SOUTH-125,-88.77217433824731,9.579011787966287,-1134.978265927145,1.1640345532746217,8.536103237602571,203.09918046613708,Grade A+ (Optimal Flat)
LZ-SOUTH-126,-89.28209872707521,355.10904665384,-504.3419850772631,1.9042900578980948,8.540617542194273,218.17184091020025,Grade A+ (Optimal Flat)
LZ-SOUTH-127,-89.57916891959626,72.22189360487496,-273.06638132695866,1.6150066238577363,8.55730814387396,289.8707083512664,Grade A+ (Optimal Flat)
LZ-SOUTH-128,-89.14654800421907,113.34281594714471,-780.3322535619084,0.8737859313534546,8.592307400103445,348.19912936682886,Grade A+ (Optimal Flat)
LZ-SOUTH-129,-88.74098590754897,149.3448661085742,-1345.6323448685246,1.319528616337596,8.632351515389477,177.57855157389395,Grade A+ (Optimal Flat)
LZ-SOUTH-130,-88.95672381052493,169.45414103373747,-1468.412665626453,0.8457999646979388,8.632818135407476,307.2125322617731,Grade A+ (Optimal Flat)
LZ-SOUTH-131,-88.83778735860146,255.1236191875825,-1731.7607241208111,3.964690385729078,8.662958362528741,293.911906493269,Grade A+ (Optimal Flat)
LZ-SOUTH-132,-89.34447209021684,281.9844332779919,-547.7406665527886,2.6294232353386637,8.690986312776772,120.48080744184894,Grade A+ (Optimal Flat)
LZ-SOUTH-133,-88.63164029681005,127.90223072529211,-771.6330020722933,2.2932647097406478,8.749703815356076,108.3023532582908,Grade A+ (Optimal Flat)
LZ-SOUTH-134,-88.93411496085908,68.79802416881218,-1067.3127785610618,1.6735730187794218,8.755070490309473,277.17924097758873,Grade A+ (Optimal Flat)
LZ-SOUTH-135,-88.46524612685413,304.7524175244259,-2247.7855794941056,1.7405666030057176,8.757156659123043,329.7487852780448,Grade A+ (Optimal Flat)
LZ-SOUTH-136,-89.78181387028707,70.7188734802029,-2142.858227816139,4.641464240876394,8.764226986302367,265.6571237124492,Grade A+ (Optimal Flat)
LZ-SOUTH-137,-88.22784973363324,313.0348207893186,-3112.8628522271674,4.093760087270475,8.784531130917575,242.98302029793413,Grade A+ (Optimal Flat)
LZ-SOUTH-138,-89.56486472563817,155.5442226239824,-2704.348435250465,1.1266056079927829,8.812464022453996,333.72223834672786,Grade A+ (Optimal Flat)
LZ-SOUTH-139,-88.927617132518,279.82877333181057,-506.274488719851,1.68002108634761,8.840148820128231,268.5112144485836,Grade A+ (Optimal Flat)
LZ-SOUTH-140,-88.47722995976972,209.1486911873733,-2351.686504639062,2.6258621156368704,8.851986532123922,146.15583218440165,Grade A+ (Optimal Flat)
LZ-SOUTH-141,-88.63372020969902,331.5850150678493,-1670.4148152295736,1.1656979288721503,8.854059687410519,278.4933020180953,Grade A+ (Optimal Flat)
LZ-SOUTH-142,-89.21844050170768,262.30145644539965,-1210.6264711672156,3.8152491386983183,8.89297084293372,186.92850807927164,Grade A+ (Optimal Flat)
LZ-SOUTH-143,-89.81627486301628,197.69184548692243,-1690.0407218832495,0.987416866104919,8.968020337720558,109.31115756585808,Grade A+ (Optimal Flat)
LZ-SOUTH-144,-89.01403111541434,95.4125705305971,-469.0306781259272,1.5154745426423375,8.990478038959925,100.6167984560461,Grade A+ (Optimal Flat)
LZ-SOUTH-145,-88.71459791104589,80.4969173965216,-1277.848920561273,0.0828086638265688,8.997143437532038,112.5318457394269,Grade A+ (Optimal Flat)
LZ-SOUTH-146,-89.84084524251944,62.81945510326386,-980.8711305222567,1.8003128123231136,9.043668310331988,338.0596321631124,Grade A+ (Optimal Flat)
LZ-SOUTH-147,-89.62831580409961,218.63679004550372,-1372.1570588481443,3.715967782517488,9.0772755017706,291.3898654536362,Grade A+ (Optimal Flat)
LZ-SOUTH-148,-88.37821642907129,131.5625344751785,-880.1760659065192,1.8775308100143688,9.07826796929696,347.43032228733506,Grade A+ (Optimal Flat)
LZ-SOUTH-149,-88.46111060644456,259.0055883611899,-1174.1881513829978,0.6121706302378698,9.089539307893178,139.58654737758565,Grade A+ (Optimal Flat)
LZ-SOUTH-150,-88.48971894432174,223.0002265745352,-1671.3283103911535,5.212958678883886,9.124592848735412,131.8205629701144,Grade A+ (Optimal Flat)
LZ-SOUTH-151,-88.86545577770266,121.392732660823,-1400.6669374489848,0.2156328706932431,9.1319255256877,204.8494674553952,Grade A+ (Optimal Flat)
LZ-SOUTH-152,-89.17803974996575,132.68248884997698,-1024.6366498931293,1.578251929015556,9.182843751523183,119.6619963631878,Grade A+ (Optimal Flat)
LZ-SOUTH-153,-88.63902478581097,284.8718571525601,-353.631428928966,2.7228570771563163,9.21841423255852,203.8918178225666,Grade A+ (Optimal Flat)
LZ-SOUTH-154,-88.12457154906953,76.24733395734097,-975.8112431980046,2.977617972852334,9.221192912383664,165.54534282542582,Grade A+ (Optimal Flat)
LZ-SOUTH-155,-89.57380935688823,140.18032068007446,-634.7956291621978,0.0777482242439653,9.242904981213362,115.9160713168682,Grade A+ (Optimal Flat)
LZ-SOUTH-156,-88.57959293108533,189.92866407312613,-1470.935243107006,0.4206630026869398,9.24794009860773,301.36612539382884,Grade A+ (Optimal Flat)
LZ-SOUTH-157,-89.33514749841606,227.43894371499195,-3578.644937034046,2.169901396809909,9.251130651401969,286.26029461541304,Grade A+ (Optimal Flat)
LZ-SOUTH-158,-88.9259313206828,98.89381181057172,-808.6955546805699,0.9016741445145692,9.25597453209312,101.39432367196862,Grade A+ (Optimal Flat)
LZ-SOUTH-159,-89.1930437155705,76.33002618080242,-761.9681438647574,1.7193218753588937,9.257456047723691,195.11157306578252,Grade A+ (Optimal Flat)
LZ-SOUTH-160,-88.74526990211827,162.67285607482003,-884.1940887136054,0.4120693357539533,9.261309251217126,127.79737667792608,Grade A+ (Optimal Flat)
LZ-SOUTH-161,-89.51571705700339,11.817179574926444,-1277.1077090519177,3.697653663327154,9.267169722641338,142.64644530885533,Grade A+ (Optimal Flat)
LZ-SOUTH-162,-89.11891835505867,311.6322130941835,-968.0710607698696,0.3816114433545881,9.32061920659294,254.1124056921441,Grade A+ (Optimal Flat)
LZ-SOUTH-163,-88.58212569079978,181.28522678527975,-1597.641989468546,0.0366010078978806,9.375292897644476,207.7111485305174,Grade A+ (Optimal Flat)
LZ-SOUTH-164,-89.87236513523104,100.48696947873708,-2083.8197389132133,0.9281673011823948,9.40082700898012,237.35789896155097,Grade A+ (Optimal Flat)
LZ-SOUTH-165,-88.57730332423795,101.49463863056188,-3383.523507938987,0.4450395787123593,9.421079695263174,347.57046377954657,Grade A+ (Optimal Flat)
LZ-SOUTH-166,-89.56780660820522,284.447294541399,-498.7152961262565,1.3560666664636063,9.467546968928836,186.3568091617024,Grade A+ (Optimal Flat)
LZ-SOUTH-167,-89.25054703177403,280.07458976553727,-1223.7510322287828,2.779469528225732,9.473045278963616,177.0025613655288,Grade A+ (Optimal Flat)
LZ-SOUTH-168,-88.17476476369885,203.4265649328379,-560.0901682352132,5.145271473115799,9.50055336209404,185.38984074826675,Grade A+ (Optimal Flat)
LZ-SOUTH-169,-89.51750699513738,138.0724244762317,-683.3618867170309,6.579164449521212,9.511447648642172,120.83588952912324,Grade A+ (Optimal Flat)
LZ-SOUTH-170,-89.22015862626237,316.89063838140737,-2660.4921428517173,1.507974226106846,9.537993447637518,206.54328908516655,Grade A+ (Optimal Flat)
LZ-SOUTH-171,-88.17110802667665,248.62418714928296,-1249.7088531754468,0.881492933359711,9.540673510214948,216.6636251416231,Grade A+ (Optimal Flat)
LZ-SOUTH-172,-88.36874173977652,22.771227203524653,-3396.239642937908,0.1286966771667579,9.541229934849545,238.18079281069885,Grade A+ (Optimal Flat)
LZ-SOUTH-173,-88.49228229331106,142.9872790741664,-2329.660485052505,1.6403316483931398,9.579215612490025,298.6155048649114,Grade A+ (Optimal Flat)
LZ-SOUTH-174,-88.79382238147119,117.15058104573882,-948.7819180111084,2.6603820144887216,9.582816187742395,338.21535504377954,Grade A+ (Optimal Flat)
LZ-SOUTH-175,-88.57480422282836,18.11625585647902,-1256.724290021895,3.8934244430132736,9.6017368400494,242.34959436016436,Grade A+ (Optimal Flat)
LZ-SOUTH-176,-88.62971197122647,96.3987532574823,-1615.8673165801808,0.9791543522393464,9.6416379256331,129.2566418783937,Grade A+ (Optimal Flat)
LZ-SOUTH-177,-89.38978586347154,345.695889057144,-524.9679792947395,3.4446733009438404,9.657898199282918,139.3355540696613,Grade A+ (Optimal Flat)
LZ-SOUTH-178,-89.73165104345762,60.05869378209462,-810.6067982735519,5.572784061172864,9.669805921612095,312.2686932781694,Grade A+ (Optimal Flat)
LZ-SOUTH-179,-89.63912993784042,103.02511348724664,-1762.525169804651,1.155293764212164,9.698504927519547,271.7192941332426,Grade A+ (Optimal Flat)
LZ-SOUTH-180,-88.07074013451891,239.4982210452879,-1568.3138661253242,3.437118763397196,9.733392123221854,294.08274792669465,Grade A+ (Optimal Flat)
LZ-SOUTH-181,-89.35424591585725,85.98425774529849,-5.637901796937968,1.8940939684140528,9.744351425199133,260.26673420668124,Grade A+ (Optimal Flat)
LZ-SOUTH-182,-89.86367942058345,102.68796323043595,-182.05729374672364,3.6625275928088423,9.813005988555563,339.4679553645807,Grade A+ (Optimal Flat)
LZ-SOUTH-183,-88.47276343978731,28.79369380683173,-1401.4229391411034,3.996088957033102,9.914648651798798,293.72601633244994,Grade A+ (Optimal Flat)
LZ-SOUTH-184,-88.85137700632848,339.47380226560887,-1908.571039839752,0.7547832038610469,9.91592929091184,143.05932210929845,Grade A+ (Optimal Flat)
LZ-SOUTH-185,-89.89875855755353,99.72916159306476,-967.9697575568784,2.0855771560384326,9.93087418069882,174.23471925567995,Grade A+ (Optimal Flat)
LZ-SOUTH-186,-88.24422487864334,227.07735126214345,-124.11677505544436,1.1091200707215982,9.97440264132166,138.27245321370106,Grade A+ (Optimal Flat)
LZ-SOUTH-187,-88.31762228410228,130.94118760884632,-2564.1660862208137,3.927222299896293,10.019937557746758,119.80723554130928,Grade A+ (Optimal Flat)
LZ-SOUTH-188,-88.30900254843671,106.17520888939116,-2231.7408783688443,0.5169804852014259,10.048315479473503,157.99475034018013,Grade A+ (Optimal Flat)
LZ-SOUTH-189,-88.57530217437169,22.77456185544293,-645.7793842334098,2.79089288097522,10.065968774793186,265.2131197011185,Grade A+ (Optimal Flat)
LZ-SOUTH-190,-88.64225900489166,267.675937069426,-573.2274813402123,1.3672208414662208,10.102998227558004,106.18334080581812,Grade A+ (Optimal Flat)
LZ-SOUTH-191,-88.39099974115614,160.82622911210143,-1317.3054192348818,0.7051442240459593,10.113148173240088,276.1146314338484,Grade A+ (Optimal Flat)
LZ-SOUTH-192,-89.85379966378024,238.0833644201008,-716.7140356487647,3.4742741125350065,10.205984376352184,199.20876290994136,Grade A+ (Optimal Flat)
LZ-SOUTH-193,-88.6363936208874,173.2586226579378,187.81023449886172,0.0453028333448806,10.218078198516018,306.3060776128839,Grade A+ (Optimal Flat)
LZ-SOUTH-194,-89.45916545741326,273.8537301758022,-1255.8814945469144,2.5039975593499584,10.23565921841092,275.1156467320707,Grade A+ (Optimal Flat)
LZ-SOUTH-195,-88.72109980840126,267.9725535494366,-957.6225011301736,0.5574518373537973,10.23716802852582,181.96264643655013,Grade A+ (Optimal Flat)
LZ-SOUTH-196,-88.32539873261133,180.8538551899544,-1824.1151051102172,2.620465911551076,10.262679885504843,196.73152833388343,Grade A+ (Optimal Flat)
LZ-SOUTH-197,-89.61728765813028,178.67619766237638,-1120.0094689875586,0.787204085182152,10.269790265938434,170.6815493725433,Grade A+ (Optimal Flat)
LZ-SOUTH-198,-89.29930340054418,355.8134040197656,-1559.126709850405,0.8060912025409017,10.282636021996629,231.03856128849364,Grade A+ (Optimal Flat)
LZ-SOUTH-199,-89.8145060396527,220.37711721956248,169.84374995007943,1.007350703873357,10.29537413371371,120.74549523136554,Grade A+ (Optimal Flat)
LZ-SOUTH-200,-88.98036091223213,225.64217413866405,-1649.7298735477818,0.419981934777681,10.299583848516662,128.063836966699,Grade A+ (Optimal Flat)
LZ-SOUTH-201,-89.40346726601777,344.1670957751641,-2262.005992429945,1.7200592678256097,10.317619507067992,250.09382150543257,Grade A+ (Optimal Flat)
LZ-SOUTH-202,-89.4672755014039,294.4455036596782,-1819.415937923244,1.484275127809811,10.336620613407586,345.5068530140458,Grade A+ (Optimal Flat)
LZ-SOUTH-203,-89.47474653183703,332.3829675650168,-3216.677605258188,0.4336226067989042,10.344617169922415,177.45070733023488,Grade A+ (Optimal Flat)
LZ-SOUTH-204,-89.59696470117143,175.10098611200178,-2092.10101013079,1.184013824734663,10.350800823305557,204.7279730245701,Grade A+ (Optimal Flat)
LZ-SOUTH-205,-89.61040957467222,211.4531526872077,-385.1700578796842,2.816838626715988,10.391327306707698,344.1273285468065,Grade A+ (Optimal Flat)
LZ-SOUTH-206,-88.1178660602756,90.79286477735911,-1713.7859827551915,4.014796078159718,10.399912742247116,298.7505477469143,Grade A+ (Optimal Flat)
LZ-SOUTH-207,-88.5869939557954,62.4859718945183,142.8591714790059,3.179511318432517,10.433479627195156,348.9115343620269,Grade A+ (Optimal Flat)
LZ-SOUTH-208,-89.70512087109118,207.7919087121221,-750.7412235431163,0.4256400279970549,10.478933466023973,265.44087073176195,Grade A+ (Optimal Flat)
LZ-SOUTH-209,-88.9448312588243,356.9847634660421,-1052.1130767517084,1.0454889958410938,10.482591492197749,179.4107447122742,Grade A+ (Optimal Flat)
LZ-SOUTH-210,-89.16752738099986,75.85439942696624,-1857.3446610440176,3.404327171242965,10.52955194762239,289.0350182451441,Grade A+ (Optimal Flat)
LZ-SOUTH-211,-88.821318095931,145.0404111780175,-1018.7657992552032,1.9565973770041007,10.576225659346273,277.4332538976615,Grade A+ (Optimal Flat)
LZ-SOUTH-212,-89.11002730330569,255.66237597245785,-2132.353220976845,0.7817119958741579,10.62975642849776,187.9881751862669,Grade A+ (Optimal Flat)
LZ-SOUTH-213,-89.20014029379074,185.37390318984197,508.2568991807661,0.3735369003916808,10.640521304999002,275.3731202069441,Grade A+ (Optimal Flat)
LZ-SOUTH-214,-89.65063473240347,60.0434406661227,-1398.3633658623116,0.7103673486683455,10.648069065514118,182.6686326607261,Grade A+ (Optimal Flat)
LZ-SOUTH-215,-88.06528594699309,289.5130466272012,-1308.698438691037,5.236354969643944,10.6727973262522,302.5083516494111,Grade A+ (Optimal Flat)
LZ-SOUTH-216,-88.41346758028928,275.88646100066046,-904.5889778800764,0.7784943851358541,10.674010808979949,315.7106666665031,Grade A+ (Optimal Flat)
LZ-SOUTH-217,-89.37899111553753,354.9363007049704,-1851.5222567945525,1.6310308058159375,10.70624375954979,186.22230156973387,Grade A+ (Optimal Flat)
LZ-SOUTH-218,-89.84204952511581,101.45700118636992,-716.7586840627014,3.3479094614775318,10.716337137709427,160.265879657994,Grade A+ (Optimal Flat)
LZ-SOUTH-219,-88.39280343416732,94.20169198950232,-242.2571748304698,4.527826915132564,10.721702599919578,249.3714836921193,Grade A+ (Optimal Flat)
LZ-SOUTH-220,-88.7648844391105,217.7786927511918,-1045.063985321465,1.3640242335826347,10.737977675068857,258.60639589145126,Grade A+ (Optimal Flat)
LZ-SOUTH-221,-89.00882257971551,203.6705631208497,-2291.0943469034733,4.277649786584578,10.74216013555921,124.9055987057337,Grade A+ (Optimal Flat)
LZ-SOUTH-222,-88.12130592909452,24.751406312095487,-1054.3214033473105,0.652120359981966,10.789037811511154,177.09081097086124,Grade A+ (Optimal Flat)
LZ-SOUTH-223,-88.6400221269471,257.62879820079445,-1493.3741348608264,0.5615527450738682,10.839156327123504,323.1664358666275,Grade A+ (Optimal Flat)
LZ-SOUTH-224,-89.75931516170523,85.17952177470264,-621.5696483361089,0.5082039778321992,10.88352475834998,262.88279798067174,Grade A+ (Optimal Flat)
LZ-SOUTH-225,-88.25214101817637,340.627281836854,-482.5621343734118,2.3955304601611846,10.89122111504174,317.5212192249403,Grade A+ (Optimal Flat)
LZ-SOUTH-226,-88.45292273087544,272.32239167600824,-1430.524824408894,1.1485845683766716,10.895767060368176,348.99125761640903,Grade A+ (Optimal Flat)
LZ-SOUTH-227,-88.82090406195,196.8895849655247,-1606.173415319771,2.4464125306841424,10.902748160064624,345.56881629524094,Grade A+ (Optimal Flat)
LZ-SOUTH-228,-88.22954703205762,176.94512129945758,-1783.5496390781195,0.6239979503576478,10.917043665086515,117.9315175432987,Grade A+ (Optimal Flat)
LZ-SOUTH-229,-88.05057302358684,0.1477041981029536,-1816.494360100271,1.0825325542437163,10.932244170229794,204.49247024067483,Grade A+ (Optimal Flat)
LZ-SOUTH-230,-88.91565275372335,124.54182643075306,-1717.4690433340988,0.0269102889486756,10.933980038147944,286.95293689461016,Grade A+ (Optimal Flat)
LZ-SOUTH-231,-88.87228049270765,8.793677858627959,-2260.2250975619527,3.0150951322715507,10.96026738124207,141.81463896242386,Grade A+ (Optimal Flat)
LZ-SOUTH-232,-89.4705449041496,3.007693501969886,-909.60343725385,3.209837310495489,10.978554094736136,136.8878897947336,Grade A+ (Optimal Flat)
LZ-SOUTH-233,-88.8576820113961,123.0162765630078,-1080.991413331443,1.4415536256615908,11.001666118349029,100.81698444051928,Grade A+ (Optimal Flat)
LZ-SOUTH-234,-89.85213251347747,55.34975235705051,-2759.672138180826,0.2439977322102962,11.004978367050466,180.831385663844,Grade A+ (Optimal Flat)
LZ-SOUTH-235,-89.40635490338444,26.666966595761185,-1223.0532812708989,2.782821635180849,11.04355712495062,304.6044146963834,Grade A+ (Optimal Flat)
LZ-SOUTH-236,-89.37695239444147,346.38692741704807,-136.37260482358033,2.415506187451923,11.118305532382802,131.98621530908954,Grade A+ (Optimal Flat)
LZ-SOUTH-237,-89.08302809316999,32.8094420722946,-2387.183247573934,2.5703662755023604,11.163344135723513,120.55358891092447,Grade A+ (Optimal Flat)
LZ-SOUTH-238,-88.67611647919576,94.56959155680184,-3448.502653294467,4.122417423795607,11.16951048125462,230.98646566896903,Grade A+ (Optimal Flat)
LZ-SOUTH-239,-89.37388147398217,317.33489505200777,-1878.1017699975075,0.6303535357706629,11.203740827999582,148.9870960984804,Grade A+ (Optimal Flat)
LZ-SOUTH-240,-89.48643194079699,142.46813874504758,-794.7298626421795,0.6739270947874623,11.216173212814828,191.48261644125904,Grade A+ (Optimal Flat)
LZ-SOUTH-241,-88.37888527169274,312.5153375521426,-2006.7464164249168,0.6988336763105156,11.243286372711625,240.90357853033305,Grade A+ (Optimal Flat)
LZ-SOUTH-242,-88.0979387167719,239.9066296901708,-1134.9668599660151,4.107534051138029,11.276633854384867,149.99996771302995,Grade A+ (Optimal Flat)
LZ-SOUTH-243,-88.74419294998523,21.62634060779368,-1672.9174639404885,2.882582128230325,11.282380434940428,132.09590572988296,Grade A+ (Optimal Flat)
LZ-SOUTH-244,-88.47954217766512,299.6607750126868,-285.3107758353374,3.132794691577722,11.288271475526525,264.2495787889116,Grade A+ (Optimal Flat)
LZ-SOUTH-245,-89.62853567345512,42.32060968353717,-1764.6044497817584,1.2974455998558376,11.300096602366631,344.50189717907847,Grade A+ (Optimal Flat)
LZ-SOUTH-246,-89.68193914344849,54.21994310466688,264.9417084527099,0.7661820024466106,11.320260245763556,101.1047315614997,Grade A+ (Optimal Flat)
LZ-SOUTH-247,-89.80852861164114,159.2617466693497,-2029.0633574705305,0.5344983629254223,11.326887135943018,322.66035243184194,Grade A+ (Optimal Flat)
LZ-SOUTH-248,-88.65642869286584,134.4071379714594,-1266.5374175476957,4.116907352250365,11.339066066775104,101.89085366015183,Grade A+ (Optimal Flat)
LZ-SOUTH-249,-88.92677835045592,143.45235435931718,824.2957349133515,1.2924562366149743,11.35915891558877,213.52938436597577,Grade A+ (Optimal Flat)
LZ-SOUTH-250,-88.37582573656732,121.07642193732008,-1504.0294770314829,3.464337152973936,11.365526618455077,142.20722058528332,Grade A+ (Optimal Flat)
LZ-SOUTH-251,-88.77685242380882,233.000022023228,-888.0435204932506,2.2497861506148578,11.36774852091922,218.56023051296157,Grade A+ (Optimal Flat)
LZ-SOUTH-252,-88.81460510711952,150.52737592570418,-393.2672240456069,0.7404910386460593,11.40923862428621,215.2935903593096,Grade A+ (Optimal Flat)
LZ-SOUTH-253,-88.2306030259252,60.52251513518104,-2387.551254554741,4.17458713673555,11.415040470145478,109.91292466537897,Grade A+ (Optimal Flat)
LZ-SOUTH-254,-88.07096801211195,346.34105961888656,-1982.612519412992,3.041485309479789,11.420567734362896,167.46643445499217,Grade A+ (Optimal Flat)
LZ-SOUTH-255,-88.25553646080144,63.32050203071835,-855.1922462959387,0.6488884410270845,11.455741311935396,206.7967491817218,Grade A+ (Optimal Flat)
LZ-SOUTH-256,-88.34067729454313,207.73920301687596,-1877.1186446221504,3.385872708136578,11.48108793433981,267.7893232936084,Grade A+ (Optimal Flat)
LZ-SOUTH-257,-89.10552490249069,112.81298631492884,-1116.3887711393431,3.831384997850419,11.495655024339651,331.84388290132176,Grade A+ (Optimal Flat)
LZ-SOUTH-258,-89.81810979299819,255.6876030938133,-1424.9699698306308,0.2883233219876313,11.530337311048118,309.07479784135586,Grade A+ (Optimal Flat)
LZ-SOUTH-259,-88.98126327123215,31.00179978229457,-2591.5401953858227,2.5524714799111017,11.563785163344608,165.15264596372782,Grade A+ (Optimal Flat)
LZ-SOUTH-260,-89.05121970946499,67.0481777879189,-2254.239801687179,3.658059061262172,11.575680576054127,253.44742576877732,Grade A+ (Optimal Flat)
LZ-SOUTH-261,-89.47323033749669,348.4879819364659,-875.1247849210663,3.658409532834192,11.579917858067152,130.84525792820946,Grade A+ (Optimal Flat)
LZ-SOUTH-262,-89.86559065074042,181.03518722361056,-1227.6513918750427,3.480287549500257,11.586378812567968,304.30166351268224,Grade A+ (Optimal Flat)
LZ-SOUTH-263,-89.13959667588563,13.75300215266078,-2331.5704090930567,2.387485125489322,11.606482917091183,143.97122340067733,Grade A+ (Optimal Flat)
LZ-SOUTH-264,-89.82698993697159,127.8054958090488,-1518.0389572366223,5.070567698529319,11.62384262870166,215.696672893012,Grade A+ (Optimal Flat)
LZ-SOUTH-265,-89.69500628871273,14.37211172295044,462.22206815875575,0.309784968052595,11.624294324760914,164.34378208508025,Grade A+ (Optimal Flat)
LZ-SOUTH-266,-88.79182045460614,4.192163821114638,109.69743200136465,1.6003184838294864,11.624787193443051,298.9973150316596,Grade A+ (Optimal Flat)
LZ-SOUTH-267,-89.05258903137988,53.77738904151555,-701.3261594601372,1.3197562410882249,11.65609432726355,340.6555910093048,Grade A+ (Optimal Flat)
LZ-SOUTH-268,-89.63443248441006,70.98587350850386,-1471.6241253327894,5.671924007778178,11.683361683625076,313.9608159892331,Grade A+ (Optimal Flat)
LZ-SOUTH-269,-88.49253962626702,184.541487877152,1194.2484560485132,3.842122748314278,11.71191924990898,269.8936717411983,Grade A+ (Optimal Flat)
LZ-SOUTH-270,-88.81368263202688,204.64999277645504,-1266.0108151291156,1.8038984672406748,11.738951469448796,172.9076554629562,Grade A+ (Optimal Flat)
LZ-SOUTH-271,-88.54329982558156,350.5473295338577,-1306.902183781417,0.4129927274095681,11.76794861549404,123.51782935921814,Grade A+ (Optimal Flat)
LZ-SOUTH-272,-89.50704600304655,46.025905317648125,-1101.233955064686,1.1206654137092524,11.801597307527905,126.86175306746124,Grade A+ (Optimal Flat)
LZ-SOUTH-273,-88.43526681288294,6.108886553567925,-1497.005896536315,3.193935402183508,11.807197884909126,328.387235026531,Grade A+ (Optimal Flat)
LZ-SOUTH-274,-89.35880306068282,146.30995316664672,-437.4589965365169,1.4113003265571074,11.846263901555474,235.45050132060996,Grade A+ (Optimal Flat)
LZ-SOUTH-275,-88.33718389067003,69.12585034846158,-2006.4852054083424,1.020736369329537,11.855152342536426,181.9020515519489,Grade A+ (Optimal Flat)
LZ-SOUTH-276,-89.72629821554744,27.31379084065712,-1007.1653777103106,1.3532253875550495,11.876141716587805,151.6799825461918,Grade A+ (Optimal Flat)
LZ-SOUTH-277,-88.50083617137528,314.41000242291767,-2614.732340510458,2.467571063284652,11.896366077070825,215.3710190405201,Grade A+ (Optimal Flat)
LZ-SOUTH-278,-88.97157793823114,32.55083200499787,-1992.498578701806,4.627383236080391,11.903165109899096,150.53690511389482,Grade A+ (Optimal Flat)
LZ-SOUTH-279,-88.54277939210351,217.0849908112517,-1363.7657868178303,0.9016051073009272,11.927003215287796,186.59030898114457,Grade A+ (Optimal Flat)
LZ-SOUTH-280,-89.25904346113873,33.716682938690816,-1873.6789517771108,1.4498666860840927,11.947761838889134,259.7953048305339,Grade A+ (Optimal Flat)
LZ-SOUTH-281,-89.31712446090793,229.209449168859,-2349.081965631329,2.3195020445030394,11.95016067597874,280.24350130225884,Grade A+ (Optimal Flat)
LZ-SOUTH-282,-88.58517861370136,73.10541345122236,401.5379673986888,1.2898043746851204,11.99137017872892,225.6152689218444,Grade A+ (Optimal Flat)
LZ-SOUTH-283,-88.65516994240376,293.7720608287446,-1758.0335539800917,2.590227387172831,12.017618268083163,306.4913747858552,Grade A (Safe Touchdown)
LZ-SOUTH-284,-88.32596652521592,269.292506162972,-15.010726701124211,1.3482681758849324,12.039867990241268,342.5654209801139,Grade A (Safe Touchdown)
LZ-SOUTH-285,-89.7832520487515,100.84828275913672,-1268.6911206382094,0.210585978926213,12.057183657593,295.8688456227368,Grade A (Safe Touchdown)
LZ-SOUTH-286,-88.66540271114783,147.97698968018094,-998.8050640464066,2.3191641084617185,12.06907968343565,136.41440090746045,Grade A (Safe Touchdown)
LZ-SOUTH-287,-88.29513477272857,339.6086275355574,-2392.863938889179,0.2895896033818381,12.08943508212376,137.37985885325685,Grade A (Safe Touchdown)
LZ-SOUTH-288,-88.20991330901686,309.982657132699,-1571.5214251279283,2.353424111049435,12.097375525213248,343.34735634257845,Grade A (Safe Touchdown)
LZ-SOUTH-289,-89.63466261596301,278.8749431254863,-792.3891488562513,2.64917163572453,12.097632867223156,264.2127359221458,Grade A (Safe Touchdown)
LZ-SOUTH-290,-89.77677817048236,229.73036490585693,-1722.5099119439528,3.584925410884688,12.125366570815403,114.441204739372,Grade A (Safe Touchdown)
LZ-SOUTH-291,-88.46765064285117,32.33727092595025,-1367.71199473533,3.176106969213791,12.132540950475024,123.35774739792409,Grade A (Safe Touchdown)
LZ-SOUTH-292,-89.80503984554662,163.98061027891927,-1865.9812973787111,4.29773016889858,12.134666684684015,229.05786159769937,Grade A (Safe Touchdown)
LZ-SOUTH-293,-88.13664108338051,57.38215851770478,-461.5641382185905,0.1678564108141778,12.150543538773526,265.46431962961924,Grade A (Safe Touchdown)
LZ-SOUTH-294,-88.97311479476637,213.7340818625165,-536.7212479853315,2.6703395143871878,12.15786631669923,180.19450341753844,Grade A (Safe Touchdown)
LZ-SOUTH-295,-88.63927899316825,51.95233572749335,16.073392792880895,2.088057823754456,12.160133323724445,306.3897734481444,Grade A (Safe Touchdown)
LZ-SOUTH-296,-88.80086423436427,0.0190176956268484,-783.5900026973763,6.415656164845604,12.16155496567156,256.15903496120404,Grade A (Safe Touchdown)
LZ-SOUTH-297,-88.3415186940047,126.87578335398295,-2840.841926283084,3.6410176347928,12.191046374420534,258.3963865253789,Grade A (Safe Touchdown)
LZ-SOUTH-298,-88.93581130585441,355.1650166805575,-741.2420053156809,2.560149846521117,12.207778860989055,213.00636059969992,Grade A (Safe Touchdown)
LZ-SOUTH-299,-89.32356746710465,197.14031429141136,-1307.3581514283624,3.332673293396869,12.215495958458266,106.88307043136916,Grade A (Safe Touchdown)
LZ-SOUTH-300,-88.76906350783314,263.6282774189452,337.77964821556225,3.4723213743006944,12.218996152287971,160.58470495909063,Grade A (Safe Touchdown)
